country,year,iso_code,population,gdp,biofuel_cons_change_pct,biofuel_cons_change_twh,biofuel_cons_per_capita,biofuel_consumption,biofuel_elec_per_capita,biofuel_electricity,biofuel_share_elec,biofuel_share_energy,carbon_intensity_elec,coal_cons_change_pct,coal_cons_change_twh,coal_cons_per_capita,coal_consumption,coal_elec_per_capita,coal_electricity,coal_prod_change_pct,coal_prod_change_twh,coal_prod_per_capita,coal_production,coal_share_elec,coal_share_energy,electricity_demand,electricity_demand_per_capita,electricity_generation,electricity_share_energy,energy_cons_change_pct,energy_cons_change_twh,energy_per_capita,energy_per_gdp,fossil_cons_change_pct,fossil_cons_change_twh,fossil_elec_per_capita,fossil_electricity,fossil_energy_per_capita,fossil_fuel_consumption,fossil_share_elec,fossil_share_energy,gas_cons_change_pct,gas_cons_change_twh,gas_consumption,gas_elec_per_capita,gas_electricity,gas_energy_per_capita,gas_prod_change_pct,gas_prod_change_twh,gas_prod_per_capita,gas_production,gas_share_elec,gas_share_energy,greenhouse_gas_emissions,hydro_cons_change_pct,hydro_cons_change_twh,hydro_consumption,hydro_elec_per_capita,hydro_electricity,hydro_energy_per_capita,hydro_share_elec,hydro_share_energy,low_carbon_cons_change_pct,low_carbon_cons_change_twh,low_carbon_consumption,low_carbon_elec_per_capita,low_carbon_electricity,low_carbon_energy_per_capita,low_carbon_share_elec,low_carbon_share_energy,net_elec_imports,net_elec_imports_share_demand,nuclear_cons_change_pct,nuclear_cons_change_twh,nuclear_consumption,nuclear_elec_per_capita,nuclear_electricity,nuclear_energy_per_capita,nuclear_share_elec,nuclear_share_energy,oil_cons_change_pct,oil_cons_change_twh,oil_consumption,oil_elec_per_capita,oil_electricity,oil_energy_per_capita,oil_prod_change_pct,oil_prod_change_twh,oil_prod_per_capita,oil_production,oil_share_elec,oil_share_energy,other_renewable_consumption,other_renewable_electricity,other_renewable_exc_biofuel_electricity,other_renewables_cons_change_pct,other_renewables_cons_change_twh,other_renewables_elec_per_capita,other_renewables_elec_per_capita_exc_biofuel,other_renewables_energy_per_capita,other_renewables_share_elec,other_renewables_share_elec_exc_biofuel,other_renewables_share_energy,per_capita_electricity,primary_energy_consumption,renewables_cons_change_pct,renewables_cons_change_twh,renewables_consumption,renewables_elec_per_capita,renewables_electricity,renewables_energy_per_capita,renewables_share_elec,renewables_share_energy,solar_cons_change_pct,solar_cons_change_twh,solar_consumption,solar_elec_per_capita,solar_electricity,solar_energy_per_capita,solar_share_elec,solar_share_energy,wind_cons_change_pct,wind_cons_change_twh,wind_consumption,wind_elec_per_capita,wind_electricity,wind_energy_per_capita,wind_share_elec,wind_share_energy
"World","1900","","1627273655","3503708270156","","","","","","","","","","","","","","","","","","3287.639","5349.888","","","","","","","","","","","","","","","","","","","","","","","","","","","45.377","73.840","","","","","","","","","","","","","","","","","","","","","","","","","","","","","","","","","","","","","","144.382","234.949","","","","","","","","","","","","","","","","","","","","","","","","","","","","","","","","","","","","","","",""
"World","1901","","1639887187","","","","","","","","","","","","","","","","","1.808","96.707","3321.323","5446.595","","","","","","","","","","","","","","","","","","","","","","","","","10.817","7.988","49.899","81.828","","","","","","","","","","","","","","","","","","","","","","","","","","","","","","","","","","","","11.870","27.889","160.278","262.838","","","","","","","","","","","","","","","","","","","","","","","","","","","","","","","","","","","","","","",""
"World","1902","","1653151632","","","","","","","","","","","","","","","","","2.420","131.829","3374.418","5578.424","","","","","","","","","","","","","","","","","","","","","","","","","9.761","7.988","54.330","89.816","","","","","","","","","","","","","","","","","","","","","","","","","","","","","","","","","","","","8.580","22.551","172.633","285.389","","","","","","","","","","","","","","","","","","","","","","","","","","","","","","","","","","","","","","",""
"World","1903","","1667064512","","","","","","","","","","","","","","","","","9.121","508.836","3651.485","6087.260","","","","","","","","","","","","","","","","","","","","","","","","","8.893","7.988","58.668","97.803","","","","","","","","","","","","","","","","","","","","","","","","","","","","","","","","","","","","6.887","19.655","182.982","305.043","","","","","","","","","","","","","","","","","","","","","","","","","","","","","","","","","","","","","","",""
"World","1904","","1681154888","","","","","","","","","","","","","","","","","0.509","30.981","3639.309","6118.242","","","","","","","","","","","","","","","","","","","","","","","","","8.167","7.988","62.928","105.791","","","","","","","","","","","","","","","","","","","","","","","","","","","","","","","","","","","","12.292","37.495","203.752","342.538","","","","","","","","","","","","","","","","","","","","","","","","","","","","","","","","","","","","","","",""
"World","1905","","1695427510","","","","","","","","","","","","","","","","","7.809","477.760","3890.465","6596.002","","","","","","","","","","","","","","","","","","","","","","","","","7.550","7.988","67.109","113.779","","","","","","","","","","","","","","","","","","","","","","","","","","","","","","","","","","","","-1.647","-5.641","198.710","336.898","","","","","","","","","","","","","","","","","","","","","","","","","","","","","","","","","","","","","","",""
"World","1906","","1709887300","","","","","","","","","","","","","","","","","5.601","369.474","4073.646","6965.476","","","","","","","","","","","","","","","","","","","","","","","","","7.020","7.988","71.213","121.766","","","","","","","","","","","","","","","","","","","","","","","","","","","","","","","","","","","","-0.400","-1.349","196.240","335.549","","","","","","","","","","","","","","","","","","","","","","","","","","","","","","","","","","","","","","",""
"World","1907","","1724558347","","","","","","","","","","","","","","","","","10.617","739.536","4467.817","7705.012","","","","","","","","","","","","","","","","","","","","","","","","","6.560","7.988","75.239","129.754","","","","","","","","","","","","","","","","","","","","","","","","","","","","","","","","","","","","23.648","79.351","240.583","414.900","","","","","","","","","","","","","","","","","","","","","","","","","","","","","","","","","","","","","","",""
"World","1908","","1739441480","","","","","","","","","","","","","","","","","-4.964","-382.440","4209.726","7322.571","","","","","","","","","","","","","","","","","","","","","","","","","6.156","7.988","79.187","137.742","","","","","","","","","","","","","","","","","","","","","","","","","","","","","","","","","","","","8.107","33.634","257.861","448.534","","","","","","","","","","","","","","","","","","","","","","","","","","","","","","","","","","","","","","",""
"World","1909","","1753729257","","","","","","","","","","","","","","","","","4.493","328.970","4363.012","7651.541","","","","","","","","","","","","","","","","","","","","","","","","","5.799","7.988","83.097","145.729","","","","","","","","","","","","","","","","","","","","","","","","","","","","","","","","","","","","5.079","22.783","268.751","471.317","","","","","","","","","","","","","","","","","","","","","","","","","","","","","","","","","","","","","","",""
"World","1910","","1767417985","","","","","","","","","","","","","","","","","5.366","410.572","4561.520","8062.113","","","","","","","","","","","","","","","","","","","","","","","","","8.138","11.860","89.163","157.589","","","","","","","","","","","","","","","","","","","","","","","","","","","","","","","","","","","","8.767","41.321","290.050","512.639","","","","","","","","","","","","","","","","","","","","","","","","","","","","","","","","","","","","","","",""
"World","1911","","1780422213","","","","","","","","","","","","","","","","","1.781","143.599","4608.857","8205.712","","","","","","","","","","","","","","","","","","","","","","","","","5.315","8.376","93.217","165.965","","","","","","","","","","","","","","","","","","","","","","","","","","","","","","","","","","","","5.923","30.366","304.986","543.005","","","","","","","","","","","","","","","","","","","","","","","","","","","","","","","","","","","","","","",""
"World","1912","","1792912374","","","","","","","","","","","","","","","","","4.938","405.229","4802.768","8610.941","","","","","","","","","","","","","","","","","","","","","","","","","5.047","8.376","97.239","174.342","","","","","","","","","","","","","","","","","","","","","","","","","","","","","","","","","","","","1.611","8.746","307.740","551.750","","","","","","","","","","","","","","","","","","","","","","","","","","","","","","","","","","","","","","",""
"World","1913","","1804803374","","","","","","","","","","","","","","","","","7.149","615.565","5112.195","9226.507","","","","","","","","","","","","","","","","","","","","","","","","","4.805","8.376","101.240","182.718","","","","","","","","","","","","","","","","","","","","","","","","","","","","","","","","","","","","10.255","56.580","337.062","608.330","","","","","","","","","","","","","","","","","","","","","","","","","","","","","","","","","","","","","","",""
"World","1914","","1816884694","","","","","","","","","","","","","","","","","-10.248","-945.524","4557.792","8280.982","","","","","","","","","","","","","","","","","","","","","","","","","4.584","8.376","105.177","191.094","","","","","","","","","","","","","","","","","","","","","","","","","","","","","","","","","","","","3.002","18.259","344.870","626.590","","","","","","","","","","","","","","","","","","","","","","","","","","","","","","","","","","","","","","",""
"World","1915","","1829102909","","","","","","","","","","","","","","","","","-1.581","-130.907","4455.777","8150.075","","","","","","","","","","","","","","","","","","","","","","","","","4.383","8.376","109.054","199.471","","","","","","","","","","","","","","","","","","","","","","","","","","","","","","","","","","","","7.337","45.973","367.701","672.563","","","","","","","","","","","","","","","","","","","","","","","","","","","","","","","","","","","","","","",""
"World","1916","","1841395693","","","","","","","","","","","","","","","","","7.265","592.110","4747.586","8742.186","","","","","","","","","","","","","","","","","","","","","","","","","4.199","8.376","112.875","207.847","","","","","","","","","","","","","","","","","","","","","","","","","","","","","","","","","","","","7.275","48.927","391.817","721.490","","","","","","","","","","","","","","","","","","","","","","","","","","","","","","","","","","","","","","",""
"World","1917","","1853777065","","","","","","","","","","","","","","","","","4.141","361.976","4911.141","9104.161","","","","","","","","","","","","","","","","","","","","","","","","","4.030","8.376","116.639","216.223","","","","","","","","","","","","","","","","","","","","","","","","","","","","","","","","","","","","10.540","76.049","430.224","797.539","","","","","","","","","","","","","","","","","","","","","","","","","","","","","","","","","","","","","","",""
"World","1918","","1866778878","","","","","","","","","","","","","","","","","-1.787","-162.688","4789.787","8941.474","","","","","","","","","","","","","","","","","","","","","","","","","3.874","8.376","120.314","224.600","","","","","","","","","","","","","","","","","","","","","","","","","","","","","","","","","","","","-0.717","-5.722","424.162","791.817","","","","","","","","","","","","","","","","","","","","","","","","","","","","","","","","","","","","","","",""
"World","1919","","1880624916","","","","","","","","","","","","","","","","","-15.186","-1357.816","4032.520","7583.658","","","","","","","","","","","","","","","","","","","","","","","","","3.729","8.376","123.882","232.976","","","","","","","","","","","","","","","","","","","","","","","","","","","","","","","","","","","","13.887","109.962","479.510","901.779","","","","","","","","","","","","","","","","","","","","","","","","","","","","","","","","","","","","","","",""
"World","1920","","1895426673","4824948231242","","","","","","","","","","","","","","","","14.611","1108.069","4585.630","8691.727","","","","","","","","","","","","","","","","","","","","","","","","","3.595","8.376","127.334","241.352","","","","","","","","","","","","","","","","","","","","","","","","","","","","","","","","","","","","28.123","253.604","609.563","1155.382","","","","","","","","","","","","","","","","","","","","","","","","","","","","","","","","","","","","","","",""
"World","1921","","1910916276","","","","","","","","","","","","","","","","","-16.495","-1433.714","3798.185","7258.013","","","","","","","","","","","","","","","","","","","","","","","","","3.471","8.376","130.685","249.729","","","","","","","","","","","","","","","","","","","","","","","","","","","","","","","","","","","","8.262","95.459","654.577","1250.841","","","","","","","","","","","","","","","","","","","","","","","","","","","","","","","","","","","","","","",""
"World","1922","","1927207651","","","","","","","","","","","","","","","","","5.547","402.601","3974.981","7660.614","","","","","","","","","","","","","","","","","","","","","","","","","6.750","16.858","138.328","266.586","","","","","","","","","","","","","","","","","","","","","","","","","","","","","","","","","","","","11.623","145.387","724.482","1396.228","","","","","","","","","","","","","","","","","","","","","","","","","","","","","","","","","","","","","","",""
"World","1923","","1944216846","","","","","","","","","","","","","","","","","16.478","1262.329","4589.479","8922.942","","","","","","","","","","","","","","","","","","","","","","","","","17.165","45.760","160.654","312.346","","","","","","","","","","","","","","","","","","","","","","","","","","","","","","","","","","","","18.271","255.104","849.356","1651.332","","","","","","","","","","","","","","","","","","","","","","","","","","","","","","","","","","","","","","",""
"World","1924","","1961489200","","","","","","","","","","","","","","","","","-2.623","-234.068","4429.733","8688.874","","","","","","","","","","","","","","","","","","","","","","","","","14.650","45.760","182.569","358.107","","","","","","","","","","","","","","","","","","","","","","","","","","","","","","","","","","","","-0.282","-4.664","839.499","1646.668","","","","","","","","","","","","","","","","","","","","","","","","","","","","","","","","","","","","","","",""
"World","1925","","1979027667","","","","","","","","","","","","","","","","","0.254","22.059","4401.623","8710.933","","","","","","","","","","","","","","","","","","","","","","","","","12.778","45.760","204.074","403.867","","","","","","","","","","","","","","","","","","","","","","","","","","","","","","","","","","","","4.849","79.840","872.402","1726.508","","","","","","","","","","","","","","","","","","","","","","","","","","","","","","","","","","","","","","",""
"World","1926","","1996813608","","","","","","","","","","","","","","","","","-0.449","-39.125","4342.823","8671.808","","","","","","","","","","","","","","","","","","","","","","","","","11.331","45.760","225.172","449.627","","","","","","","","","","","","","","","","","","","","","","","","","","","","","","","","","","","","2.635","45.485","887.410","1771.993","","","","","","","","","","","","","","","","","","","","","","","","","","","","","","","","","","","","","","",""
"World","1927","","2014848732","","","","","","","","","","","","","","","","","7.759","672.886","4637.913","9344.693","","","","","","","","","","","","","","","","","","","","","","","","","10.177","45.760","245.868","495.388","","","","","","","","","","","","","","","","","","","","","","","","","","","","","","","","","","","","14.172","251.127","1004.105","2023.120","","","","","","","","","","","","","","","","","","","","","","","","","","","","","","","","","","","","","","",""
"World","1928","","2033160306","","","","","","","","","","","","","","","","","-1.774","-165.769","4514.609","9178.925","","","","","","","","","","","","","","","","","","","","","","","","","9.237","45.760","266.161","541.148","","","","","","","","","","","","","","","","","","","","","","","","","","","","","","","","","","","","5.016","101.472","1044.970","2124.592","","","","","","","","","","","","","","","","","","","","","","","","","","","","","","","","","","","","","","",""
"World","1929","","2052125441","","","","","","","","","","","","","","","","","6.348","582.658","4756.816","9761.583","","","","","","","","","","","","","","","","","","","","","","","","","6.183","33.458","280.005","574.606","","","","","","","","","","","","","","","","","","","","","","","","","","","","","","","","","","","","12.103","257.139","1160.617","2381.731","","","","","","","","","","","","","","","","","","","","","","","","","","","","","","","","","","","","","","",""
"World","1930","","2071786711","","","","","","","","","","","","","","","","","-8.621","-841.582","4305.463","8920.001","","","","","","","","","","","","","","","","","","","","","","","","","4.837","27.794","290.763","602.400","","","","","","","","","","","","","","","","","","","","","","","","","","","","","","","","","","","","-4.639","-110.497","1096.268","2271.234","","","","","","","","","","","","","","","","","","","","","","","","","","","","","","","","","","","","","","",""
"World","1931","","2092158599","","","","","","","","","","","","","","","","","-11.809","-1053.328","3760.075","7866.673","","","","","","","","","","","","","","","","","","","","","","","","","4.752","28.624","301.614","631.024","","","","","","","","","","","","","","","","","","","","","","","","","","","","","","","","","","","","-3.246","-73.723","1050.356","2197.512","","","","","","","","","","","","","","","","","","","","","","","","","","","","","","","","","","","","","","",""
"World","1932","","2113215566","","","","","","","","","","","","","","","","","-11.088","-872.242","3309.852","6994.432","","","","","","","","","","","","","","","","","","","","","","","","","4.536","28.624","312.154","659.648","","","","","","","","","","","","","","","","","","","","","","","","","","","","","","","","","","","","-4.557","-100.134","992.505","2097.377","","","","","","","","","","","","","","","","","","","","","","","","","","","","","","","","","","","","","","",""
"World","1933","","2134919626","","","","","","","","","","","","","","","","","4.693","328.238","3429.951","7322.670","","","","","","","","","","","","","","","","","","","","","","","","","4.339","28.624","322.388","688.273","","","","","","","","","","","","","","","","","","","","","","","","","","","","","","","","","","","","9.197","192.895","1072.768","2290.273","","","","","","","","","","","","","","","","","","","","","","","","","","","","","","","","","","","","","","",""
"World","1934","","2156892673","","","","","","","","","","","","","","","","","9.119","667.731","3704.589","7990.401","","","","","","","","","","","","","","","","","","","","","","","","","4.159","28.624","332.375","716.897","","","","","","","","","","","","","","","","","","","","","","","","","","","","","","","","","","","","5.528","126.616","1120.542","2416.888","","","","","","","","","","","","","","","","","","","","","","","","","","","","","","","","","","","","","","",""
"World","1935","","2179140887","","","","","","","","","","","","","","","","","4.308","344.195","3824.716","8334.596","","","","","","","","","","","","","","","","","","","","","","","","","3.993","28.624","342.117","745.522","","","","","","","","","","","","","","","","","","","","","","","","","","","","","","","","","","","","8.721","210.771","1205.823","2627.659","","","","","","","","","","","","","","","","","","","","","","","","","","","","","","","","","","","","","","",""
"World","1936","","2201762907","","","","","","","","","","","","","","","","","9.850","820.969","4158.288","9155.564","","","","","","","","","","","","","","","","","","","","","","","","","3.840","28.624","351.603","774.146","","","","","","","","","","","","","","","","","","","","","","","","","","","","","","","","","","","","8.907","234.042","1299.732","2861.701","","","","","","","","","","","","","","","","","","","","","","","","","","","","","","","","","","","","","","",""
"World","1937","","2224730578","","","","","","","","","","","","","","","","","5.060","463.250","4323.586","9618.814","","","","","","","","","","","","","","","","","","","","","","","","","7.282","56.375","373.313","830.521","","","","","","","","","","","","","","","","","","","","","","","","","","","","","","","","","","","","13.818","395.443","1464.062","3257.144","","","","","","","","","","","","","","","","","","","","","","","","","","","","","","","","","","","","","","",""
"World","1938","","2248127325","","","","","","","","","","","","","","","","","-6.700","-644.432","3991.937","8974.383","","","","","","","","","","","","","","","","","","","","","","","","","6.192","51.427","392.304","881.948","","","","","","","","","","","","","","","","","","","","","","","","","","","","","","","","","","","","-2.380","-77.514","1414.346","3179.630","","","","","","","","","","","","","","","","","","","","","","","","","","","","","","","","","","","","","","",""
"World","1939","","2270675197","","","","","","","","","","","","","","","","","5.632","505.427","4174.886","9479.810","","","","","","","","","","","","","","","","","","","","","","","","","7.184","63.357","416.310","945.305","","","","","","","","","","","","","","","","","","","","","","","","","","","","","","","","","","","","4.188","133.152","1458.942","3312.782","","","","","","","","","","","","","","","","","","","","","","","","","","","","","","","","","","","","","","",""
"World","1940","","2291979566","7646890024327","","","","","","","","","","","","","","","","10.293","975.723","4561.791","10455.532","","","","","","","","","","","","","","","","","","","","","","","","","6.702","63.357","440.083","1008.662","","","","","","","","","","","","","","","","","","","","","","","","","","","","","","","","","","","","3.221","106.705","1491.936","3419.488","","","","","","","","","","","","","","","","","","","","","","","","","","","","","","","","","","","","","","",""
"World","1941","","2312098978","","","","","","","","","","","","","","","","","3.658","382.477","4687.520","10838.009","","","","","","","","","","","","","","","","","","","","","","","","","6.281","63.357","463.656","1072.019","","","","","","","","","","","","","","","","","","","","","","","","","","","","","","","","","","","","3.010","102.937","1523.475","3522.425","","","","","","","","","","","","","","","","","","","","","","","","","","","","","","","","","","","","","","",""
"World","1942","","2331135363","","","","","","","","","","","","","","","","","1.714","185.766","4728.929","11023.774","","","","","","","","","","","","","","","","","","","","","","","","","5.910","63.357","487.048","1135.375","","","","","","","","","","","","","","","","","","","","","","","","","","","","","","","","","","","","-5.871","-206.816","1422.315","3315.608","","","","","","","","","","","","","","","","","","","","","","","","","","","","","","","","","","","","","","",""
"World","1943","","2349014611","","","","","","","","","","","","","","","","","2.772","305.629","4823.045","11329.403","","","","","","","","","","","","","","","","","","","","","","","","","5.580","63.357","510.313","1198.732","","","","","","","","","","","","","","","","","","","","","","","","","","","","","","","","","","","","7.615","252.487","1518.976","3568.096","","","","","","","","","","","","","","","","","","","","","","","","","","","","","","","","","","","","","","",""
"World","1944","","2366918849","","","","","","","","","","","","","","","","","-3.980","-450.964","4596.034","10878.439","","","","","","","","","","","","","","","","","","","","","","","","","5.285","63.357","533.220","1262.089","","","","","","","","","","","","","","","","","","","","","","","","","","","","","","","","","","","","14.855","530.037","1731.421","4098.133","","","","","","","","","","","","","","","","","","","","","","","","","","","","","","","","","","","","","","",""
"World","1945","","2384671779","","","","","","","","","","","","","","","","","-19.763","-2149.956","3660.245","8728.483","","","","","","","","","","","","","","","","","","","","","","","","","5.020","63.357","555.819","1325.446","","","","","","","","","","","","","","","","","","","","","","","","","","","","","","","","","","","","-0.117","-4.792","1716.522","4093.341","","","","","","","","","","","","","","","","","","","","","","","","","","","","","","","","","","","","","","",""
"World","1946","","2402301767","","","","","","","","","","","","","","","","","7.672","669.686","3912.152","9398.169","","","","","","","","","","","","","","","","","","","","","","","","","5.352","70.940","581.270","1396.386","","","","","","","","","","","","","","","","","","","","","","","","","","","","","","","","","","","","6.372","260.838","1812.503","4354.179","","","","","","","","","","","","","","","","","","","","","","","","","","","","","","","","","","","","","","",""
"World","1947","","2421291820","","","","","","","","","","","","","","","","","12.358","1161.455","4361.153","10559.624","","","","","","","","","","","","","","","","","","","","","","","","","10.634","148.492","638.039","1544.878","","","","","","","","","","","","","","","","","","","","","","","","","","","","","","","","","","","","10.159","442.358","1980.983","4796.538","","","","","","","","","","","","","","","","","","","","","","","","","","","","","","","","","","","","","","",""
"World","1948","","2441897177","","","","","","","","","","","","","","","","","3.325","351.156","4468.157","10910.780","","","","","","","","","","","","","","","","","","","","","","","","","13.056","201.696","715.253","1746.574","","","","","","","","","","","","","","","","","","","","","","","","","","","","","","","","","","","","13.183","632.335","2223.219","5428.873","","","","","","","","","","","","","","","","","","","","","","","","","","","","","","","","","","","","","","",""
"World","1949","","2467923023","","","","","","","","","","","","","","","","","-4.923","-537.130","4203.393","10373.650","","","","","","","","","","","","","","","","","","","","","","","","","6.855","119.735","756.227","1866.309","","","","","","","","","","","","","","","","","","","","","","","","","","","","","","","","","","","","-0.573","-31.134","2187.158","5397.739","","","","","","","","","","","","","","","","","","","","","","","","","","","","","","","","","","","","","","",""
"World","1950","","2493092852","8461551701531","","","","","","","","","","","","","","","","9.244","958.925","4545.589","11332.575","","","","","","","","","","","","","","","","","","","","","","","","","14.484","270.325","857.021","2136.634","","","","","","","","","","","","","","","","","","","","","","","","","","","","","","","","","","","","12.187","657.839","2428.942","6055.578","","","","","","","","","","","","","","","","","","","","","","","","","","","","","","","","","","","","","","",""
"World","1951","","2536927034","","","","","","","","","","","","","","","","","5.351","606.443","4706.095","11939.019","","","","","","","","","","","","","","","","","","","","","","","","","18.622","397.875","999.047","2534.509","","","","","","","","","","","","","","","","","","","","","","","","","","","","","","","","","","","","13.403","811.658","2706.911","6867.236","","","","","","","","","","","","","","","","","","","","","","","","","","","","","","","","","","","","","","",""
"World","1952","","2584086340","","","","","","","","","","","","","","","","","-0.574","-68.518","4593.694","11870.501","","","","","","","","","","","","","","","","","","","","","","","","","7.698","195.117","1056.322","2729.627","","","","","","","","","","","","","","","","","","","","","","","","","","","","","","","","","","","","5.112","351.063","2793.366","7218.299","","","","","","","","","","","","","","","","","","","","","","","","","","","","","","","","","","","","","","",""
"World","1953","","2634106241","","","","","","","","","","","","","","","","","0.444","52.685","4526.463","11923.186","","","","","","","","","","","","","","","","","","","","","","","","","5.741","156.718","1095.759","2886.345","","","","","","","","","","","","","","","","","","","","","","","","","","","","","","","","","","","","5.738","414.214","2897.572","7632.513","","","","","","","","","","","","","","","","","","","","","","","","","","","","","","","","","","","","","","",""
"World","1954","","2685894857","","","","","","","","","","","","","","","","","-1.289","-153.747","4381.943","11769.438","","","","","","","","","","","","","","","","","","","","","","","","","4.894","141.253","1127.221","3027.598","","","","","","","","","","","","","","","","","","","","","","","","","","","","","","","","","","","","4.693","358.181","2975.058","7990.694","","","","","","","","","","","","","","","","","","","","","","","","","","","","","","","","","","","","","","",""
"World","1955","","2740213796","","","","","","","","","","","","","","","","","8.653","1018.443","4666.746","12787.882","","","","","","","","","","","","","","","","","","","","","","","","","8.785","265.965","1201.937","3293.563","","","","","","","","","","","","","","","","","","","","","","","","","","","","","","","","","","","","12.074","964.790","3268.170","8955.483","","","","","","","","","","","","","","","","","","","","","","","","","","","","","","","","","","","","","","",""
"World","1956","","2795409991","","","","","","","","","","","","","","","","","5.679","726.209","4834.386","13514.091","","","","","","","","","","","","","","","","","","","","","","","","","8.446","278.187","1277.719","3571.750","","","","","","","","","","","","","","","","","","","","","","","","","","","","","","","","","","","","8.826","790.375","3486.379","9745.858","","","","","","","","","","","","","","","","","","","","","","","","","","","","","","","","","","","","","","",""
"World","1957","","2852618331","","","","","","","","","","","","","","","","","2.809","379.667","4870.528","13893.758","","","","","","","","","","","","","","","","","","","","","","","","","8.650","308.966","1360.405","3880.716","","","","","","","","","","","","","","","","","","","","","","","","","","","","","","","","","","","","5.386","524.908","3600.470","10270.767","","","","","","","","","","","","","","","","","","","","","","","","","","","","","","","","","","","","","","",""
"World","1958","","2911249671","","","","","","","","","","","","","","","","","3.160","439.050","4923.249","14332.808","","","","","","","","","","","","","","","","","","","","","","","","","7.559","293.331","1433.765","4174.047","","","","","","","","","","","","","","","","","","","","","","","","","","","","","","","","","","","","2.504","257.210","3616.308","10527.977","","","","","","","","","","","","","","","","","","","","","","","","","","","","","","","","","","","","","","",""
"World","1959","","2965950350","","","","","","","","","","","","","","","","","3.643","522.087","5008.477","14854.895","","","","","","","","","","","","","","","","","","","","","","","","","11.634","485.629","1571.057","4659.676","","","","","","","","","","","","","","","","","","","","","","","","","","","","","","","","","","","","7.911","832.882","3830.428","11360.858","","","","","","","","","","","","","","","","","","","","","","","","","","","","","","","","","","","","","","",""
"World","1960","","3015470889","13338076573731","","","","","","","","","","","","","","","","4.180","620.905","5132.134","15475.800","","","","","","","","","","","","","","","","","","","","","","","","","8.856","412.648","1682.100","5072.324","","","","","","","","","","","","","","","","","","","","","","","","","","","","","","","","","","","","7.746","879.984","4059.347","12240.843","","","","","","","","","","","","","","","","","","","","","","","","","","","","","","","","","","","","","","",""
"World","1961","","3064869675","","","","","","","","","","","","","","","","","-5.791","-896.266","4756.983","14579.534","","","","","","","","","","","","","","","","","","","","","","","","","7.435","377.111","1778.031","5449.435","","","","","","","","","","","","","","","","","","","","","","","","","","","","","","","","","","","","6.442","788.549","4251.206","13029.392","","","","","","","","","","","","","","","","","","","","","","","","","","","","","","","","","","","","","","",""
"World","1962","","3123374312","","","","","","","","","","","","","","","","","2.409","351.217","4780.327","14930.751","","","","","","","","","","","","","","","","","","","","","","","","","9.406","512.560","1908.831","5961.995","","","","","","","","","","","","","","","","","","","","","","","","","","","","","","","","","","","","8.475","1104.280","4525.129","14133.672","","","","","","","","","","","","","","","","","","","","","","","","","","","","","","","","","","","","","","",""
"World","1963","","3192807826","","","","","","","","","","","","","","","","","3.033","452.844","4818.203","15383.595","","","","","","","","","","","","","","","","","","","","","","","","","9.418","561.509","2043.187","6523.504","","","","","","","","","","","","","","","","","","","","","","","","","","","","","","","","","","","","7.290","1030.371","4749.438","15164.043","","","","","","","","","","","","","","","","","","","","","","","","","","","","","","","","","","","","","","",""
"World","1964","","3264487343","","","","","","","","","","","","","","","","","4.426","680.872","4920.977","16064.467","","","","","","","","","","","","","","","","","","","","","","","","","9.260","604.103","2183.377","7127.606","","","","","","","","","","","","","","","","","","","","","","","","","","","","","","","","","","","","7.997","1212.695","5016.634","16376.738","","","","","","","","","","","","","","","","","","","","","","","","","","","","","","","","","","","","","","",""
"World","1965","","3334533710","","","","2.708","9.030","","","","0.021","","","","4851.561","16177.694","","","1.974","317.091","4912.698","16381.558","","37.454","","","","","","","13003.410","","","","","","12143.519","40492.973","","93.748","","","6303.821","","","1890.465","7.168","510.879","2290.721","7638.485","","14.594","","","","2564.439","276.860","923.198","769.055","","5.937","","","2700.616","289.913","966.723","809.893","","6.252","","","","","70.944","7.659","25.54","21.275","","0.164","","","18011.457","","","5401.492","11.323","1854.344","5467.356","18231.082","","41.699","56.204","17.985","","","","5.394","","16.855","","","0.130","","43360.309","","","2629.673","282.253","941.183","788.618","","6.088","","","0.000","0.000","0","0.000","","0.000","","","0.000","0.000","0","0.000","","0.000"
"World","1966","","3404041131","","1.993","0.180","2.706","9.210","","","","0.020","","1.123","181.736","4805.885","16359.431","","","1.387","227.165","4879.119","16608.723","","35.912","","","","","5.471","2372.141","13434.752","","5.338","2161.687","","","12530.595","42654.660","","93.635","8.963","564.994","6868.814","","","2017.841","7.600","580.553","2414.494","8219.038","","15.078","","6.566","168.386","2732.825","289.014","983.817","802.818","","5.999","7.329","198.960","2899.576","304.948","1038.056","851.804","","6.365","","","34.822","24.704","95.648","10.115","34.433","28.098","","0.210","7.856","1414.957","19426.414","","","5706.868","8.588","1565.729","5815.679","19796.811","","42.645","61.894","19.806","","10.124","5.690","5.818","","18.182","","","0.136","","45732.449","6.590","174.256","2803.928","294.833","1003.623","823.706","","6.155","","0.000","0.000","0.000","0","0.000","","0.000","","0.000","0.000","0.000","0","0.000","","0.000"
"World","1967","","3473412877","","1.888","0.174","2.702","9.384","","","","0.020","","-1.613","-263.913","4633.920","16095.518","","","-3.552","-589.896","4611.840","16018.826","","34.080","","","","","3.669","1678.105","13649.560","","3.737","1593.833","","","12739.197","44248.492","","93.691","7.356","505.244","7374.058","","","2123.001","7.618","626.097","2546.526","8845.135","","15.614","","2.229","60.904","2793.729","289.555","1005.742","804.318","","5.915","2.755","79.900","2979.476","307.114","1066.735","857.795","","6.309","","","19.088","18.258","113.906","11.806","41.006","32.794","","0.241","6.962","1352.502","20778.916","","","5982.276","7.282","1441.652","6114.581","21238.463","","43.997","62.458","19.987","","0.912","0.564","5.754","","17.982","","","0.132","","47410.555","2.200","61.642","2865.571","295.309","1025.729","825.001","","6.068","","0.000","0.000","0.000","0","0.000","","0.000","","0.000","0.000","0.000","0","0.000","","0.000"
"World","1968","","3545187246","","1.813","0.170","2.695","9.554","","","","0.019","","1.476","237.626","4607.131","16333.144","","","2.784","445.936","4644.257","16464.762","","32.631","","","","","5.982","2836.191","14173.228","","5.965","2639.490","","","13225.812","46887.980","","93.675","9.090","670.290","8044.348","","","2269.090","9.389","830.438","2729.214","9675.573","","16.071","","5.324","148.740","2942.469","298.796","1059.289","829.990","","5.879","6.222","186.430","3165.906","319.735","1133.522","893.015","","6.325","","","27.087","30.853","144.759","14.700","52.113","40.832","","0.289","8.333","1731.574","22510.490","","","6349.591","9.095","1931.568","6535.630","23170.031","","44.973","69.125","22.12","","10.675","6.667","6.239","","19.498","","","0.138","","50246.746","5.396","155.577","3021.147","305.036","1081.409","852.183","","6.036","","0.000","0.000","0.000","0","0.000","","0.000","","0.000","0.000","0.000","0","0.000","","0.000"
"World","1969","","3619491581","","1.781","0.170","2.687","9.724","","","","0.018","","3.146","513.856","4654.521","16847.000","","","2.023","333.027","4640.925","16797.789","","31.492","","","","","6.873","3453.656","14836.449","","6.905","3237.847","","","13848.858","50125.828","","93.700","9.809","789.086","8833.434","","","2440.518","9.820","950.185","2935.705","10625.758","","16.512","","5.896","173.483","3115.951","309.917","1121.742","860.881","","5.825","6.424","204.071","3369.977","333.413","1206.784","931.064","","6.300","","","18.556","26.862","171.621","17.070","61.783","47.416","","0.321","8.596","1934.904","24445.395","","","6753.820","7.640","1770.303","6890.563","24940.334","","45.696","72.681","23.258","","5.144","3.556","6.426","","20.080","","","0.136","","53700.402","5.845","177.209","3198.356","316.343","1145","883.648","","5.979","","0.000","0.000","0.000","0","0.000","","0.000","","0.000","0.000","0.000","0","0.000","","0.000"
"World","1970","","3694683794","21941934246399","38.847","3.778","3.654","13.501","","","","0.024","","1.425","240.006","4624.754","17087.006","","","4.000","671.893","4728.329","17469.682","","29.997","","","","","6.475","3477.211","15475.645","2.606","6.505","3260.711","","","14449.556","53386.539","","93.722","8.846","781.375","9614.809","","","2602.336","-8.139","-864.878","2641.872","9760.880","","16.879","","4.717","146.964","3262.916","317.930","1174.65","883.138","","5.728","6.265","205.855","3575.832","346.234","1279.226","967.832","","6.278","","","27.663","47.476","219.096","21.348","78.875","59.300","","0.385","9.161","2239.330","26684.725","","","7222.465","9.998","2493.549","7425.231","27433.883","","46.846","80.318","25.702","","10.508","7.637","6.956","","21.739","","","0.141","","57177.613","5.121","158.379","3356.735","324.886","1200.352","908.531","","5.893","","0.000","0.000","0.000","0","0.000","","0.000","","0.000","0.000","0.000","0","0.000","","0.000"
"World","1971","","3769847867","","0.449","0.061","3.598","13.562","","","","0.023","","-0.581","-99.350","4506.191","16987.656","","","-0.909","-158.729","4591.950","17310.953","","28.690","","","","","3.954","2260.949","15766.833","","3.767","2010.892","","","14694.872","55397.430","","93.558","7.056","678.382","10293.190","","","2730.399","6.970","680.303","2769.656","10441.183","","17.384","","4.477","146.090","3409.006","325.542","1227.242","904.282","","5.757","6.627","238.621","3814.453","362.040","1364.835","1011.832","","6.442","","","39.087","85.638","304.734","29.100","109.704","80.835","","0.515","5.366","1431.859","28116.584","","","7458.281","5.712","1566.908","7692.828","29000.791","","47.485","87.151","27.888","","8.507","6.832","7.398","","23.118","","","0.147","","59438.562","4.518","152.983","3509.719","332.939","1255.13","930.997","","5.927","","0.000","0.000","0.000","0","0.000","","0.000","","0.000","0.000","0.000","0","0.000","","0.000"
"World","1972","","3844917684","","9.298","1.261","3.855","14.823","","","","0.024","","1.063","180.570","4465.174","17168.227","","","-0.345","-59.660","4486.778","17251.293","","27.485","","","","","5.494","3265.430","16308.279","","5.357","2967.906","","","15179.866","58365.336","","93.437","5.523","568.523","10861.714","","","2824.954","4.926","514.288","2849.338","10955.471","","17.389","","4.676","159.408","3568.414","334.111","1284.629","928.086","","5.713","7.481","284.895","4099.348","381.463","1466.693","1066.173","","6.563","","","38.714","117.975","422.709","39.578","152.175","109.940","","0.677","7.891","2218.812","30335.396","","","7889.739","5.687","1649.180","7971.555","30649.971","","48.564","93.402","29.889","","7.173","6.252","7.774","","24.292","","","0.150","","62703.992","4.780","166.920","3676.639","341.885","1314.518","956.234","","5.886","","0.000","0.000","0.000","0","0.000","","0.000","","0.000","0.000","0.000","0","0.000","","0.000"
"World","1973","","3920805041","","-3.863","-0.573","3.635","14.251","","","","0.022","","3.002","515.344","4510.188","17683.570","","","1.780","307.080","4478.257","17558.373","","26.756","","","","","5.795","3633.656","16919.395","","5.870","3426.250","","","15759.924","61791.586","","93.493","4.752","516.119","11377.833","","","2901.912","4.812","527.225","2928.657","11482.695","","17.215","","1.431","51.066","3619.480","332.333","1303.013","923.147","","5.476","4.843","201.075","4300.423","392.524","1539.01","1096.822","","6.507","","","33.991","143.685","566.393","52.005","203.902","144.458","","0.857","7.894","2394.787","32730.184","","","8347.822","9.120","2795.150","8530.167","33445.121","","49.522","100.300","32.096","","7.384","6.897","8.186","","25.581","","","0.152","","66337.648","1.506","57.391","3734.030","340.519","1335.109","952.363","","5.650","","0.000","0.000","0.000","0","0.000","","0.000","","0.000","0.000","0.000","0","0.000","","0.000"
"World","1974","","3996416100","","0.591","0.084","3.587","14.335","","","","0.022","","0.073","12.861","4428.075","17696.432","","","0.879","154.381","4432.160","17712.754","","26.641","","","","","0.541","358.859","16689.080","","-0.332","-204.901","","","15410.479","61586.688","","92.717","2.479","282.026","11659.859","","","2917.579","2.111","242.402","2933.903","11725.098","","17.554","","9.840","356.163","3975.643","358.129","1431.232","994.802","","5.985","12.438","537.264","4837.687","433.419","1732.121","1210.506","","7.283","","","30.749","174.163","740.556","66.710","266.6","185.305","","1.115","-1.527","-499.789","32230.395","","","8064.825","0.223","74.559","8387.435","33519.680","","48.522","107.153","34.289","","6.833","6.854","8.580","","26.812","","","0.161","","66696.508","9.671","363.101","4097.131","366.709","1465.521","1025.201","","6.168","","0.000","0.000","0.000","0","0.000","","0.000","","0.000","0.000","0.000","0","0.000","","0.000"
"World","1975","","4070735279","","-4.509","-0.646","3.363","13.688","","","","0.020","","1.972","349.004","4432.967","18045.436","","","5.956","1054.924","4610.390","18767.678","","26.983","","","","","0.691","460.789","16497.584","","0.187","115.000","","","15157.381","61701.688","","92.263","-0.001","-0.123","11659.736","","","2864.283","0.213","24.999","2886.480","11750.097","","17.435","","1.233","49.033","4024.676","355.927","1448.883","988.685","","6.018","6.916","336.821","5174.508","455.334","1853.544","1271.148","","7.737","","","38.728","286.800","1027.356","90.855","369.848","252.376","","1.536","-0.726","-233.881","31996.514","","","7860.131","-5.018","-1681.912","7821.134","31837.768","","47.844","108.788","34.812","","1.525","1.634","8.552","","26.724","","","0.163","","67157.297","1.184","50.021","4147.152","364.479","1483.696","1018.772","","6.201","","0.000","0.000","0.000","0","0.000","","0.000","","0.000","0.000","0.000","0","0.000","","0.000"
"World","1976","","4144246382","","0.459","0.063","3.318","13.751","","","","0.020","","3.626","654.350","4512.228","18699.785","","","2.834","531.840","4656.942","19299.518","","26.539","","","","","5.342","3587.469","17070.598","","5.533","3413.707","","","15712.239","65115.391","","92.413","5.956","694.402","12354.139","","","2981.034","4.312","506.677","2957.540","12256.773","","17.533","","-0.397","-15.963","4008.713","348.227","1443.137","967.296","","5.689","3.273","171.043","5345.551","461.990","1914.599","1289.873","","7.587","","","16.986","174.509","1201.865","104.403","432.671","290.008","","1.706","6.454","2064.955","34061.469","","","8218.978","8.647","2752.971","8346.689","34590.738","","48.341","121.222","38.791","","11.430","12.434","9.360","","29.251","","","0.172","","70744.766","-0.114","-3.466","4143.686","357.587","1481.928","999.865","","5.881","","0.000","0.000","0.000","0","0.000","","0.000","","0.000","0.000","0.000","0","0.000","","0.000"
"World","1977","","4217863796","","33.214","4.567","4.343","18.319","","","","0.025","","3.035","567.627","4568.050","19267.412","","","3.039","586.469","4714.706","19885.986","","26.391","","","","","3.621","2561.406","17379.928","","3.235","2106.197","","","15937.354","67221.594","","92.075","3.284","405.699","12759.838","","","3025.190","4.221","517.382","3028.584","12774.155","","17.478","","3.363","134.822","4143.534","353.656","1491.672","982.377","","5.676","8.353","440.056","5785.606","491.033","2071.112","1371.691","","7.925","","","24.470","294.101","1495.966","127.683","538.548","354.674","","2.049","3.326","1132.871","35194.340","","","8344.115","3.493","1208.129","8487.440","35798.867","","48.207","127.788","40.892","","5.416","6.566","9.695","","30.297","","","0.175","","73306.172","3.691","145.954","4289.640","363.351","1532.564","1017.017","","5.876","","0.000","0.000","0.000","0","0.000","","0.000","","0.000","0.000","0.000","0","0.000","","0.000"
"World","1978","","4292097499","","26.532","4.860","5.400","23.179","","","","0.031","","1.038","200.080","4535.659","19467.492","","","1.553","308.801","4705.109","20194.787","","25.665","","","","","3.919","2872.867","17748.674","","3.347","2249.822","","","16185.889","69471.414","","91.587","4.186","534.109","13293.947","","","3097.308","3.385","432.445","3076.957","13206.601","","17.526","","8.226","340.861","4484.395","376.129","1614.382","1044.803","","5.912","10.396","595.595","6381.202","532.019","2283.476","1486.733","","8.413","","","16.200","242.352","1738.318","145.802","625.794","405.004","","2.292","4.306","1515.633","36709.973","","","8552.922","0.909","325.301","8416.437","36124.168","","48.396","135.302","43.297","","5.880","7.514","10.088","","31.524","","","0.178","","76179.039","8.381","353.244","4642.884","386.217","1657.682","1081.729","","6.121","","0.000","0.000","0.000","0","0.000","","0.000","","0.008","0.008","0.001","0.003","0.002","","0.000"
"World","1979","","4368539520","","20.900","4.844","6.415","28.023","","","","0.036","","4.639","903.086","4663.018","20370.578","","","5.870","1185.359","4894.118","21380.146","","25.997","","","","","3.307","2519.602","18014.863","","3.160","2195.191","","","16405.164","71666.602","","91.462","6.199","824.082","14118.029","","","3231.750","6.742","890.416","3226.940","14097.017","","18.018","","5.005","224.455","4708.850","388.044","1695.186","1077.900","","6.010","4.939","308.943","6690.145","547.678","2392.551","1531.437","","8.538","","","4.005","69.627","1807.944","148.988","650.86","413.856","","2.307","1.275","468.023","37177.996","","","8510.395","4.232","1528.875","8619.138","37653.043","","47.447","145.310","46.499","","7.397","10.008","10.644","","33.263","","","0.185","","78698.641","5.286","239.316","4882.200","398.690","1741.691","1117.582","","6.231","","0.000","0.000","0.000","0","0.000","","0.000","100.000","0.008","0.017","0.001","0.006","0.004","","0.000"
"World","1980","","4447606240","31982615792285","16.996","4.763","7.372","32.786","","","","0.042","","2.490","507.205","4694.162","20877.783","","","-1.927","-412.072","4714.463","20968.074","","26.884","","","","","-0.874","-688.078","17539.898","2.439","-1.372","-983.215","","","15892.456","70683.391","","91.017","0.842","118.932","14236.961","","","3201.039","1.322","186.321","3211.466","14283.338","","18.333","","2.151","101.287","4810.137","389.344","1731.649","1081.511","","6.194","4.359","285.742","6975.886","560.594","2493.302","1568.459","","8.983","","","9.382","169.623","1977.567","160.069","711.924","444.636","","2.546","-4.329","-1609.352","35568.645","","","7997.256","-4.524","-1703.457","8082.907","35949.586","","45.801","155.367","49.717","","6.921","10.057","11.178","","34.933","","","0.200","","78010.562","2.512","116.119","4998.319","400.525","1781.377","1123.822","","6.436","","0.000","0.000","0.000","0","0.000","","0.000","75.000","0.012","0.029","0.002","0.01","0.007","","0.000"
"World","1981","","4528777306","","-9.267","-3.038","6.569","29.748","","","","0.038","","1.342","280.219","4671.901","21158.002","","","2.276","477.156","4735.325","21445.230","","27.375","","","","","-0.456","-355.773","17146.965","","-1.188","-839.552","","","15422.229","69843.836","","90.366","1.116","158.913","14395.874","","","3178.755","1.734","247.643","3208.588","14530.980","","18.626","","2.151","103.484","4913.621","390.592","1768.904","1084.977","","6.357","6.604","470.074","7445.960","588.051","2663.151","1644.144","","9.634","","","18.096","357.852","2335.419","185.646","840.751","515.684","","3.022","-3.595","-1278.684","34289.961","","","7571.571","-5.817","-2091.250","7476.264","33858.336","","44.365","167.144","53.486","","7.580","11.777","11.810","","36.907","","","0.216","","77654.789","2.094","112.223","5110.542","402.404","1822.4","1128.460","","6.612","","0.000","0.000","0.000","0","0.000","","0.000","0.000","0.000","0.029","0.002","0.01","0.006","","0.000"
"World","1982","","4612673415","","26.248","7.808","8.142","37.556","","","","0.049","","1.122","237.426","4638.401","21395.428","","","3.540","759.180","4813.783","22204.410","","27.822","","","","","-0.486","-377.195","16753.320","","-1.015","-708.666","","","14988.092","69135.172","","89.900","0.513","73.857","14469.731","","","3136.951","0.458","66.503","3164.647","14597.483","","18.816","","1.809","88.902","5002.522","390.426","1800.908","1084.517","","6.505","4.436","320.836","7766.797","601.563","2774.813","1683.795","","10.100","","","8.496","198.408","2533.826","197.755","912.178","549.318","","3.295","-2.974","-1019.949","33270.012","","","7212.739","-3.956","-1339.604","7049.867","32518.732","","43.263","192.840","61.709","","15.374","25.696","13.378","","41.807","","","0.251","","77277.594","2.594","122.429","5232.971","403.808","1862.635","1134.477","","6.805","","0.000","0.000","0.000","0","0.000","","0.000","76.190","0.022","0.051","0.004","0.019","0.011","","0.000"
"World","1983","","4697327573","","30.522","11.463","10.436","49.019","","","","0.063","","3.064","655.545","4694.366","22050.973","","","-0.303","-67.238","4712.716","22137.172","","28.197","","","","","1.710","1321.531","16732.732","","1.037","717.059","","","14870.632","69852.227","","89.322","1.618","234.096","14703.827","","","3130.254","0.894","130.569","3135.411","14728.053","","18.802","","4.268","213.502","5216.024","399.753","1877.769","1110.424","","6.670","7.702","583.657","8350.454","634.397","2979.972","1777.703","","10.678","","","13.335","337.875","2871.702","220.085","1033.813","611.348","","3.672","-0.519","-172.582","33097.430","","","7046.013","-1.219","-396.260","6838.457","32122.473","","42.323","213.609","68.355","","10.770","20.769","14.552","","45.475","","","0.273","","78599.125","4.999","245.782","5478.752","414.312","1946.16","1166.355","","7.006","","0.008","0.008","0.001","0.003","0.002","","0.000","77.270","0.040","0.091","0.007","0.033","0.019","","0.000"
"World","1984","","4782175518","","17.926","8.787","12.088","57.806","","","","0.071","","4.342","957.467","4811.292","23008.439","","","4.375","968.443","4831.612","23105.615","","28.159","","","","","4.492","3530.352","17174.082","","3.840","2682.487","","","15167.724","72534.719","","88.772","8.153","1198.849","15902.676","","","3325.406","8.559","1260.560","3343.376","15988.612","","19.463","","3.387","176.679","5392.704","405.960","1941.373","1127.667","","6.600","9.942","823.692","9174.146","684.278","3272.339","1918.404","","11.228","","","21.354","613.210","3484.912","262.343","1254.568","728.729","","4.265","1.590","526.172","33623.602","","","7031.026","1.960","629.746","6848.812","32752.219","","41.150","238.582","76.346","","11.691","24.973","15.965","","49.890","","","0.292","","82129.477","4.030","210.481","5689.233","421.936","2017.771","1189.675","","6.963","110.370","0.009","0.018","0.001","0.006","0.004","","0.000","36.471","0.033","0.124","0.009","0.045","0.026","","0.000"
"World","1985","","4868943457","","18.343","10.604","14.050","68.410","","","","0.082","","4.295","988.299","4928.531","23996.738","769.856","3748.385","5.067","1170.846","4985.981","24276.461","37.916","28.604","","","9886.064","12.747","2.683","2203.406","17320.572","","1.942","1408.923","1290.932","6285.474","15186.794","73943.641","63.579","88.141","2.261","359.542","16262.218","292.945","1426.332","3339.989","2.638","421.728","3370.411","16410.340","14.428","19.385","","1.951","105.195","5497.899","406.504","1979.244","1129.177","20.021","6.554","8.564","774.213","9948.358","728.483","3546.944","2043.227","35.878","11.859","","","18.680","650.981","4135.893","305.800","1488.922","849.444","15.061","4.930","0.182","61.082","33684.684","228.131","1110.757","6918.274","-0.875","-286.537","6667.911","32465.682","11.236","40.152","245.946","78.703","","3.086","7.364","16.164","","50.513","0.796","","0.293","2030.433","84332.883","2.450","123.232","5812.466","422.684","2058.022","1193.784","20.817","6.929","86.140","0.015","0.033","0.002","0.012","0.007","0","0.000","43.491","0.054","0.178","0.013","0.064","0.037","0.001","0.000"
"World","1986","","4958072839","","23.086","15.793","16.983","84.203","","","","0.098","","1.113","267.080","4893.800","24263.818","774.295","3839.01","2.372","575.787","5012.481","24852.248","37.708","28.296","","","10180.79","12.860","2.215","1867.898","17385.945","","1.963","1451.763","1298.887","6439.975","15206.595","75395.406","63.256","87.925","0.977","158.890","16421.107","288.961","1432.692","3311.994","2.586","424.441","3395.428","16834.781","14.072","19.150","","1.356","74.526","5572.425","404.607","2006.073","1123.909","19.704","6.499","4.294","405.529","10353.888","743.516","3686.406","2088.289","36.209","12.075","","","7.107","293.928","4429.821","321.644","1594.736","893.456","15.664","5.166","3.045","1025.793","34710.477","235.631","1168.273","7000.800","4.940","1603.709","6871.499","34069.391","11.475","40.479","267.011","85.443","","8.565","21.065","17.233","","53.854","0.839","","0.311","2053.376","86200.781","2.325","111.601","5924.066","421.872","2091.67","1194.832","20.545","6.909","29.252","0.010","0.042","0.003","0.015","0.009","0","0.000","116.180","0.207","0.386","0.028","0.139","0.078","0.001","0.000"
"World","1987","","5049746390","","1.339","1.127","16.898","85.330","","","","0.096","","3.976","964.670","4995.991","25228.488","803.620","4058.077","1.887","468.965","5014.354","25321.213","38.03","28.392","","","10670.628","13.019","3.620","3120.648","17688.301","","3.479","2623.174","1338.238","6757.762","15449.999","78018.578","63.33","87.802","5.242","860.785","17281.893","300.314","1516.51","3422.329","5.012","843.793","3500.884","17678.574","14.212","19.449","","1.352","75.332","5647.756","402.633","2033.192","1118.424","19.054","6.356","4.624","484.462","10838.350","764.325","3859.647","2146.316","36.171","12.198","","","8.779","388.882","4818.703","343.529","1734.733","954.247","16.257","5.423","2.298","797.719","35508.195","234.304","1183.175","7031.679","0.231","78.695","6762.337","34148.086","11.088","39.961","285.988","91.516","","7.107","18.977","18.123","","56.634","0.858","","0.322","2113.102","89321.430","1.580","95.580","6019.646","420.796","2124.914","1192.069","19.914","6.775","-30.169","-0.013","0.029","0.002","0.011","0.006","0","0.000","40.730","0.157","0.543","0.039","0.195","0.107","0.002","0.001"
"World","1988","","5141992540","","4.957","4.230","17.417","89.560","","","","0.097","","2.991","754.592","5053.115","25983.080","816.935","4200.674","2.429","615.033","5044.007","25936.246","37.706","28.187","","","11140.627","13.124","3.745","3345.125","18021.527","","3.455","2695.285","1360.986","6998.179","15697.001","80713.859","62.817","87.560","4.669","806.951","18088.844","299.685","1540.98","3517.867","4.408","779.189","3589.613","18457.764","13.832","19.623","","3.205","180.990","5828.747","408.081","2098.349","1133.558","18.835","6.323","5.797","628.630","11466.979","794.264","4084.101","2230.065","36.66","12.440","","","9.022","434.767","5253.470","367.805","1891.249","1021.680","16.976","5.699","3.193","1133.742","36641.938","244.365","1256.525","7126.019","4.274","1459.484","6924.858","35607.570","11.279","39.750","294.253","94.161","","2.890","8.265","18.312","","57.225","0.845","","0.319","2166.597","92666.555","3.265","193.863","6213.509","426.460","2192.852","1208.385","19.683","6.741","-3.839","-0.001","0.028","0.002","0.01","0.006","0","0.000","69.713","0.378","0.921","0.064","0.332","0.179","0.003","0.001"
"World","1989","","5234431736","","6.843","6.129","18.281","95.689","","","","0.102","","0.954","247.969","5011.250","26231.049","836.190","4376.982","1.766","458.156","5042.458","26394.402","37.545","27.915","","","11657.959","13.466","1.929","1787.477","18044.754","","2.009","1621.523","1424.364","7455.736","15729.574","82335.383","63.954","87.621","4.422","799.805","18888.648","330.228","1728.554","3608.539","3.463","639.230","3648.341","19096.994","14.827","20.101","","-0.513","-29.894","5798.853","398.818","2087.587","1107.828","17.907","6.171","1.491","165.560","11632.539","790.952","4140.182","2222.312","35.514","12.379","","","2.843","149.337","5402.807","371.580","1945.011","1032.167","16.684","5.750","1.566","573.750","37215.688","257.946","1350.2","7109.786","1.207","429.910","6884.698","36037.480","11.582","39.605","327.101","104.672","","11.163","32.848","19.997","","62.490","0.898","","0.348","2227.168","94454.031","0.370","16.223","6229.732","419.371","2195.171","1190.145","18.83","6.630","2471.835","0.700","0.728","0.050","0.262","0.139","0.002","0.001","699.137","6.439","7.360","0.506","2.65","1.406","0.023","0.008"
"World","1990","","5327803106","43033605109062","11.370","10.880","20.002","106.569","","","","0.112","","-1.152","-302.137","4866.717","25928.912","837.163","4460.242","-0.188","-49.508","4944.795","26344.895","37.289","27.192","","","11961.414","13.638","1.485","1402.258","17991.711","2.227","1.192","981.494","1429.306","7615.062","15638.130","83316.875","63.664","87.376","3.137","592.502","19481.150","335.734","1788.726","3656.507","3.143","600.170","3697.052","19697.164","14.954","20.430","","3.403","197.320","5996.172","405.162","2158.622","1125.449","18.047","6.288","3.569","404.908","12037.447","803.420","4280.463","2259.364","35.786","12.624","","","2.858","154.404","5557.211","375.501","2000.596","1043.059","16.725","5.828","1.857","691.129","37906.816","256.408","1366.094","7114.906","1.913","689.297","6893.418","36726.777","11.421","39.754","366.326","117.224","","11.992","39.225","22.002","","68.757","0.98","","0.384","2245.093","95856.289","4.172","250.504","6480.236","427.919","2279.867","1216.306","19.06","6.796","48.061","0.350","1.078","0.073","0.388","0.202","0.003","0.001","37.086","2.730","10.090","0.682","3.632","1.894","0.03","0.011"
"World","1991","","5418735886","","3.826","4.078","20.419","110.647","","","","0.115","","-0.934","-242.186","4740.354","25686.727","840.983","4557.066","-2.718","-716.137","4729.656","25628.758","37.284","26.757","","","12222.524","13.877","0.689","660.117","17811.609","","0.263","219.518","1425.178","7722.664","15416.215","83536.398","63.184","87.017","2.524","491.688","19972.838","334.791","1814.145","3685.885","1.333","262.523","3683.458","19959.688","14.843","20.805","","2.313","138.672","6134.845","407.576","2208.544","1132.154","18.069","6.390","3.541","425.953","12463.400","817.849","4431.708","2300.057","36.259","12.983","","","4.784","265.872","5823.083","386.863","2096.31","1074.620","17.151","6.066","-0.079","-29.984","37876.832","249.404","1351.453","6989.976","-0.270","-99.070","6759.456","36627.707","11.057","39.455","382.073","122.263","","4.298","15.746","22.563","","70.510","1","","0.398","2255.604","96516.406","2.498","160.082","6640.318","430.986","2335.399","1225.437","19.107","6.917","30.128","0.325","1.403","0.093","0.505","0.259","0.004","0.001","12.488","1.260","11.350","0.754","4.086","2.095","0.033","0.012"
"World","1992","","5505989815","","-1.754","-1.941","19.743","108.706","","","","0.113","","-0.399","-102.426","4646.630","25584.301","844.500","4649.81","-0.220","-56.375","4644.466","25572.383","37.692","26.488","","","12336.403","13.921","0.610","588.477","17636.227","","0.618","516.160","1418.083","7807.95","15265.658","84052.555","63.292","87.023","0.454","90.645","20063.482","332.080","1828.428","3643.938","0.294","58.652","3635.739","20018.340","14.821","20.772","","-0.010","-0.638","6134.207","401.075","2208.315","1114.097","17.901","6.351","0.512","71.116","12534.516","809.463","4456.897","2276.524","36.128","12.977","","","0.759","44.203","5867.286","383.623","2112.223","1065.619","17.122","6.075","1.394","527.941","38404.773","241.503","1329.712","6975.090","1.448","530.289","6748.649","37157.996","10.779","39.762","409.875","131.16","","7.277","27.802","23.821","","74.442","1.063","","0.424","2240.542","97104.883","0.300","26.912","6667.230","425.841","2344.674","1210.905","19.006","6.903","-7.649","-0.107","1.296","0.085","0.467","0.235","0.004","0.001","15.827","1.796","13.147","0.860","4.733","2.388","0.038","0.014"
"World","1993","","5591544802","","5.183","5.634","20.449","114.340","","","","0.117","","0.487","124.531","4597.805","25708.832","845.522","4727.774","-3.012","-770.189","4435.660","24802.193","37.522","26.409","","","12599.928","14.157","0.813","789.930","17507.650","","0.200","168.000","1405.471","7858.753","15062.127","84220.555","62.371","86.514","1.007","202.000","20265.482","333.080","1862.43","3624.308","1.139","227.957","3620.877","20246.297","14.781","20.817","","6.023","369.461","6503.668","418.725","2341.321","1163.125","18.582","6.681","4.748","593.607","13128.123","834.837","4668.027","2347.853","37.048","13.486","","","3.444","202.060","6069.346","390.762","2184.965","1085.451","17.341","6.235","-0.413","-158.531","38246.242","226.869","1268.549","6840.014","-0.142","-52.840","6635.940","37105.156","10.068","39.288","423.378","135.481","","3.294","13.503","24.230","","75.717","1.075","","0.435","2253.389","97894.812","5.870","391.547","7058.777","444.074","2483.062","1262.402","19.707","7.251","19.310","0.250","1.546","0.100","0.557","0.277","0.004","0.002","20.524","2.698","15.845","1.020","5.704","2.834","0.045","0.016"
"World","1994","","5675551258","","8.537","9.762","21.866","124.102","","","","0.126","","0.414","106.355","4548.490","25815.188","861.893","4891.716","2.296","569.363","4470.325","25371.557","37.851","26.186","","","12923.577","14.339","1.269","1242.438","17467.422","","1.250","1052.420","1430.563","8119.233","15024.615","85272.977","62.825","86.496","0.613","124.131","20389.613","338.951","1923.732","3592.534","1.463","296.219","3619.475","20542.516","14.885","20.682","","0.623","40.514","6544.182","415.097","2355.906","1153.048","18.23","6.638","1.506","184.520","13312.643","833.450","4730.291","2345.612","36.602","13.504","","","1.877","113.928","6183.274","392.205","2225.979","1089.458","17.224","6.272","2.149","821.934","39068.176","229.720","1303.786","6883.591","1.385","514.047","6628.291","37619.203","10.088","39.629","439.617","140.677","","3.836","16.239","24.787","","77.458","1.089","","0.446","2277.061","99137.250","1.194","70.592","7129.369","441.246","2504.312","1256.154","19.378","7.232","7.240","0.112","1.658","0.105","0.597","0.292","0.005","0.002","25.027","3.965","19.810","1.257","7.132","3.490","0.055","0.020"
"World","1995","","5758878977","","5.615","6.969","22.760","131.070","","","","0.130","","0.713","184.029","4514.631","25999.217","874.948","5038.72","3.055","774.988","4540.214","26146.545","37.653","25.810","","","13381.867","14.567","2.197","2178.109","17592.896","","1.756","1497.104","1447.398","8335.389","15067.183","86770.078","62.289","86.138","3.506","714.879","21104.492","353.345","2034.872","3664.688","1.660","340.984","3626.313","20883.500","15.206","20.951","","5.411","354.121","6898.302","431.228","2483.389","1197.855","18.558","6.848","4.906","651.211","13963.854","861.534","4961.472","2424.752","37.076","13.862","","","4.337","268.197","6451.471","403.295","2322.53","1120.265","17.356","6.404","1.531","598.195","39666.371","219.105","1261.797","6887.863","1.372","516.312","6622.038","38135.516","9.429","39.377","458.257","146.642","","4.240","18.640","25.464","","79.574","1.096","","0.455","2323.693","101315.359","5.387","383.014","7512.383","458.239","2638.942","1304.487","19.72","7.458","7.019","0.116","1.775","0.111","0.639","0.308","0.005","0.002","15.990","3.168","22.978","1.436","8.272","3.990","0.062","0.023"
"World","1996","","5842055730","","-4.033","-5.286","21.531","125.785","","","","0.121","","2.378","618.266","4556.184","26617.482","903.705","5279.495","1.363","356.291","4536.560","26502.836","38.265","25.679","","","13797.155","14.590","2.892","2930.477","17844.033","","2.977","2583.285","1476.721","8627.088","15294.850","89353.367","62.528","86.204","4.998","1054.762","22159.254","359.487","2100.145","3793.058","4.867","1016.463","3748.674","21899.963","15.222","21.378","","1.346","92.850","6991.152","430.810","2516.815","1196.694","18.242","6.745","2.303","336.615","14300.469","870.250","5084.048","2447.849","36.849","13.796","","","3.620","233.570","6685.042","411.947","2406.615","1144.296","17.443","6.449","2.295","910.258","40576.629","213.529","1247.447","6945.608","2.663","1015.723","6701.620","39151.238","9.041","39.146","470.949","150.704","","2.770","12.692","25.796","","80.614","1.092","","0.454","2361.695","104245.836","1.199","103.044","7615.427","458.303","2677.434","1303.553","19.406","7.347","9.446","0.168","1.942","0.120","0.699","0.332","0.005","0.002","11.406","2.621","25.599","1.577","9.216","4.382","0.067","0.025"
"World","1997","","5924787819","","3.376","4.246","21.947","130.031","","","","0.124","","-0.204","-54.230","4483.410","26563.252","910.688","5395.633","1.479","391.994","4539.375","26894.830","38.189","25.378","","","14128.604","14.794","0.982","1023.430","17767.602","","0.999","892.365","1504.062","8911.25","15231.893","90245.734","63.072","86.220","-0.582","-128.861","22030.393","383.192","2270.331","3718.343","-0.078","-16.992","3693.461","21882.971","16.069","21.048","","1.770","123.724","7114.876","432.312","2561.356","1200.866","18.129","6.797","0.879","123.411","14423.880","865.113","5125.609","2434.497","36.278","13.780","","","-0.688","-45.975","6639.067","403.401","2390.064","1120.558","16.916","6.343","2.650","1075.457","41652.086","210.182","1245.286","7030.140","2.227","871.957","6755.211","40023.195","8.814","39.794","504.412","161.412","","7.105","33.463","27.243","","85.136","1.142","","0.482","2384.660","105269.266","2.225","169.386","7784.813","461.712","2735.545","1313.940","19.362","7.438","7.212","0.140","2.082","0.127","0.75","0.351","0.005","0.002","30.520","7.813","33.412","2.030","12.028","5.639","0.085","0.032"
"World","1998","","6007066691","","2.579","3.353","22.205","133.384","","","","0.127","","-0.630","-167.287","4394.152","26395.965","917.455","5511.211","-1.794","-482.396","4396.894","26412.434","37.98","25.080","","","14511.013","15.124","0.554","583.133","17621.312","","0.413","372.852","1533.959","9214.596","15085.330","90618.578","63.501","86.101","1.832","403.607","22434.000","400.836","2407.846","3734.602","0.643","140.730","3666.299","22023.701","16.593","21.316","","0.764","54.382","7169.259","429.650","2580.933","1193.471","17.786","6.812","1.424","204.264","14628.145","865.162","5197.087","2435.156","35.815","13.899","","","1.721","114.252","6753.319","404.722","2431.195","1124.229","16.754","6.417","0.328","136.531","41788.617","215.669","1295.537","6956.576","2.527","1011.508","6831.072","41034.703","8.928","39.705","525.679","168.217","","4.216","21.268","28.003","","87.510","1.159","","0.499","2415.657","105852.398","1.176","90.012","7874.825","460.440","2765.892","1310.927","19.061","7.482","8.297","0.173","2.255","0.135","0.812","0.375","0.006","0.002","32.432","10.836","44.248","2.652","15.929","7.366","0.11","0.042"
"World","1999","","6089006328","","1.397","1.863","22.212","135.247","","","","0.126","","0.427","112.842","4353.552","26508.807","924.727","5630.671","0.033","8.820","4339.173","26421.254","37.723","24.775","","","14926.271","15.313","1.664","1761.586","17673.488","","1.543","1397.914","1559.993","9498.806","15111.907","92016.500","63.638","85.997","2.843","637.904","23071.904","427.033","2600.207","3789.108","4.899","1079.049","3794.174","23102.750","17.42","21.563","","0.757","54.265","7223.524","427.076","2600.469","1186.322","17.422","6.751","2.396","354.424","14982.567","874.191","5322.955","2460.593","35.662","14.003","","","3.805","256.974","7010.293","414.469","2523.706","1151.303","16.908","6.552","1.549","647.168","42435.785","208.232","1267.927","6969.247","-2.266","-930.016","6586.409","40104.688","8.495","39.660","552.025","176.648","","5.012","26.346","29.011","","90.659","1.183","","0.516","2451.348","107613.984","1.215","97.450","7972.275","459.722","2799.249","1309.290","18.754","7.451","11.509","0.260","2.515","0.149","0.905","0.413","0.006","0.002","33.257","14.716","58.964","3.486","21.227","9.684","0.142","0.055"
"World","2000","","6171702992","59897670914608","-2.025","-2.739","21.470","132.509","25.024","154.44","1.011","0.121","527.25","3.575","947.566","4448.751","27456.373","941.201","5808.81","1.479","390.861","4344.362","26812.115","38.019","25.008","15278.69","2475.604","15278.69","15.279","2.604","2802.414","17890.750","1.843","2.663","2450.764","1600.586","9878.34","15306.515","94467.258","64.654","86.045","3.998","922.354","23994.258","444.864","2745.57","3887.786","3.934","908.924","3890.607","24011.674","17.97","21.855","8055.74","1.777","128.369","7351.893","426.078","2629.63","1191.226","17.211","6.696","2.181","338.420","15320.988","875.018","5400.35","2482.457","35.346","13.955","","","2.257","158.228","7168.521","411.630","2540.46","1161.514","16.627","6.529","1.369","580.844","43016.629","214.521","1323.96","6969.977","4.218","1691.598","6772.245","41796.285","8.665","39.181","577.878","198.09","43.65","4.683","25.853","32.096","7.073","93.634","1.297","0.286","0.526","2475.604","110416.398","2.116","180.193","8152.467","463.387","2859.89","1320.943","18.718","7.426","16.883","0.425","2.939","0.167","1.03","0.476","0.007","0.003","47.971","28.285","87.249","5.046","31.14","14.137","0.204","0.079"
"World","2001","","6254936464","","-0.818","-1.084","21.011","131.425","23.936","149.72","0.966","0.119","529.25","1.543","423.699","4457.291","27880.072","941.763","5890.67","4.237","1136.148","4468.193","27948.264","38.003","25.142","15500.42","2478.110","15500.42","15.326","0.975","1076.891","17824.848","","1.194","1127.965","1613.153","10090.17","15283.165","95595.227","65.096","86.207","1.344","322.574","24316.832","465.997","2914.78","3887.623","2.383","572.262","3930.325","24583.936","18.805","21.929","8203.52","-2.572","-228.664","7123.229","409.862","2563.66","1138.817","16.539","6.424","0.326","-25.936","15295.052","864.957","5410.25","2445.277","34.904","13.793","","","2.824","161.691","7330.212","417.777","2613.17","1171.908","16.859","6.610","0.887","381.691","43398.320","205.393","1284.72","6938.251","0.139","58.215","6691.435","41854.500","8.288","39.136","600.235","193.87","44.15","3.869","22.357","30.995","7.058","95.962","1.251","0.285","0.541","2478.110","111493.289","-1.824","-187.628","7964.840","447.180","2797.08","1273.369","18.045","7.183","34.389","0.989","3.928","0.219","1.37","0.628","0.009","0.004","22.192","18.773","106.022","6.104","38.18","16.950","0.246","0.096"
"World","2002","","6337730343","","13.612","17.890","23.560","149.315","25.713","162.96","1.015","0.132","532.29","3.953","1102.145","4572.965","28982.217","969.480","6144.3","1.212","338.857","4463.289","28287.121","38.283","25.590","16049.61","2532.391","16049.61","15.520","2.154","2401.141","17970.854","","2.234","2136.010","1659.995","10520.6","15420.542","97731.234","65.55","86.292","3.023","735.096","25051.928","489.893","3104.81","3952.823","2.327","572.113","3969.252","25156.049","19.345","22.120","8543.1","1.843","71.689","7194.918","412.058","2611.51","1135.252","16.271","6.353","2.447","229.922","15524.974","872.396","5529.01","2449.611","34.449","13.708","","","1.598","55.938","7386.150","418.885","2654.78","1165.425","16.541","6.522","0.688","298.770","43697.090","200.622","1271.49","6894.754","-1.207","-505.242","6524.301","41349.258","7.922","38.583","646.156","208.79","45.83","7.650","45.920","32.944","7.231","101.954","1.301","0.286","0.571","2532.391","113894.430","3.212","173.984","8138.824","453.511","2874.23","1284.186","17.908","7.186","26.371","0.995","4.923","0.270","1.71","0.777","0.011","0.004","36.482","37.490","143.512","8.240","52.22","22.644","0.325","0.127"
"World","2003","","6420361633","","13.138","19.617","26.312","168.932","27.492","176.51","1.062","0.144","544.54","8.755","2537.377","4909.317","31519.594","1024.078","6574.95","7.332","2073.941","4728.871","30361.062","39.542","26.886","16627.73","2589.843","16627.73","15.464","3.473","3955.172","18355.602","","4.223","4126.977","1732.982","11126.37","15864.871","101858.211","66.915","86.886","2.698","675.807","25727.734","507.059","3255.5","4007.209","3.580","900.488","4058.422","26056.537","19.579","21.946","9054.54","-0.122","-47.961","7146.958","406.815","2611.9","1113.171","15.708","6.096","-0.265","-150.852","15374.122","856.861","5501.36","2394.588","33.085","13.114","","","-2.026","-189.091","7197.059","405.125","2601.05","1120.974","15.643","6.139","2.091","913.793","44610.883","201.845","1295.92","6948.344","4.438","1834.969","6726.136","43184.227","7.794","38.053","682.599","223.12","46.61","5.640","36.443","34.752","7.260","106.318","1.342","0.28","0.582","2589.843","117849.602","1.298","38.239","8177.063","451.736","2900.31","1273.614","17.443","6.975","25.347","1.214","6.138","0.327","2.1","0.956","0.013","0.005","20.814","28.926","172.438","9.842","63.19","26.858","0.38","0.147"
"World","2004","","6503377774","","19.102","32.269","30.938","201.200","29.606","192.54","1.106","0.163","539.43","6.946","2189.379","5183.302","33708.973","1045.195","6797.3","8.642","2623.840","5071.965","32984.902","39.032","27.361","17414.66","2677.787","17414.66","15.417","5.085","5992.141","19042.680","","4.954","5045.564","1778.101","11563.66","16438.193","106903.773","66.402","86.773","4.096","1053.885","26781.619","538.655","3503.08","4118.109","3.407","887.631","4143.104","26944.168","20.116","21.738","9393.97","7.381","485.917","7632.875","430.938","2802.55","1173.679","16.093","6.196","6.762","921.141","16295.263","899.686","5851","2505.661","33.598","13.227","","","4.545","286.300","7483.358","418.153","2719.41","1150.688","15.616","6.074","4.040","1802.301","46413.184","194.250","1263.28","7136.781","5.013","2164.922","6973.168","45349.148","7.254","37.673","737.757","240.8","48.26","8.081","55.158","37.027","7.421","113.442","1.383","0.277","0.599","2677.787","123841.742","8.666","634.841","8811.904","481.533","3131.59","1354.974","17.982","7.153","31.769","1.906","8.044","0.427","2.78","1.237","0.016","0.007","35.291","59.591","232.028","13.141","85.46","35.678","0.491","0.188"
"World","2005","","6586970132","","16.538","33.275","35.597","234.475","32.315","212.86","1.174","0.184","543.38","7.393","2491.980","5495.843","36200.953","1088.089","7167.21","6.305","2079.582","5323.310","35064.484","39.524","28.448","18133.84","2752.987","18133.84","15.512","3.307","4094.977","19422.695","","3.511","3753.289","1840.814","12125.39","16799.387","110657.062","66.866","86.960","2.455","657.605","27439.225","558.761","3680.54","4165.682","2.368","638.059","4187.392","27582.227","20.297","21.563","9853.56","3.363","193.080","7825.955","442.041","2911.71","1188.096","16.057","6.150","2.865","298.515","16593.777","912.172","6008.45","2519.182","33.134","13.040","","","0.262","-40.871","7442.488","413.995","2726.97","1129.880","15.038","5.849","1.301","603.703","47016.887","193.965","1277.64","7137.862","0.851","385.957","6943.269","45735.105","7.046","36.948","798.361","261.45","48.59","8.215","60.604","39.692","7.377","121.203","1.442","0.268","0.627","2752.987","127936.719","5.015","339.386","9151.290","498.177","3281.48","1389.302","18.096","7.192","40.901","3.199","11.242","0.598","3.94","1.707","0.022","0.009","22.202","49.228","281.256","15.846","104.38","42.699","0.576","0.221"
"World","2006","","6671452019","","25.643","60.127","44.159","294.602","33.981","226.7","1.203","0.225","546.41","5.210","1886.086","5708.958","38087.039","1134.231","7566.97","5.033","1764.941","5520.451","36829.426","40.166","29.121","18839.01","2823.824","18839.01","15.675","2.770","3544.484","19708.033","","2.746","3038.637","1895.144","12643.36","17042.123","113695.703","67.113","86.931","2.669","732.484","28171.709","584.669","3900.59","4222.725","3.400","937.900","4274.951","28520.127","20.705","21.540","10293.74","3.812","254.880","8080.835","452.378","3018.02","1211.256","16.02","6.179","4.024","499.170","17092.947","928.681","6195.65","2562.103","32.887","13.069","","","1.246","52.460","7494.948","413.941","2761.59","1123.436","14.659","5.731","0.893","420.066","47436.953","176.243","1175.8","7110.439","0.798","365.070","6910.066","46100.176","6.241","36.270","850.216","277.46","50.76","6.495","51.854","41.589","7.609","127.441","1.473","0.269","0.650","2823.824","131481.203","6.215","446.710","9598.000","514.740","3434.06","1438.667","18.228","7.339","37.612","4.146","15.388","0.811","5.41","2.307","0.029","0.012","27.599","75.703","356.959","19.961","133.17","53.506","0.707","0.273"
"World","2007","","6757308776","","32.943","97.050","57.960","391.652","36.887","249.26","1.264","0.290","554.66","5.657","2154.664","5955.286","40241.703","1191.573","8051.83","4.408","1623.582","5690.580","38453.008","40.843","29.823","19713.949","2917.426","19713.949","15.859","3.146","4136.781","20069.822","","3.493","3971.807","1992.993","13467.27","17413.369","117667.508","68.313","87.204","4.141","1166.576","29338.285","624.401","4219.27","4341.711","2.649","755.508","4332.440","29275.635","21.402","21.743","10934.59","1.660","90.468","8171.303","453.246","3062.72","1209.254","15.536","6.056","2.348","172.818","17265.766","924.433","6246.68","2555.125","31.687","12.796","","","-2.039","-191.842","7303.106","400.084","2703.49","1080.771","13.714","5.412","1.371","650.566","48087.520","177.019","1196.17","7116.372","-0.207","-95.438","6808.145","46004.738","6.068","35.638","922.815","302.07","52.81","8.539","72.600","44.703","7.815","136.565","1.532","0.268","0.684","2917.426","135617.984","5.647","364.660","9962.659","524.349","3543.19","1474.353","17.973","7.383","35.630","5.372","20.760","1.077","7.28","3.072","0.037","0.015","28.465","99.170","456.129","25.324","171.12","67.502","0.868","0.338"
"World","2008","","6844457659","","36.841","144.290","78.303","535.942","38.912","266.33","1.325","0.393","547.7","1.379","554.941","5960.537","40796.645","1179.665","8074.17","3.291","1265.602","5803.032","39718.609","40.165","29.891","20102.471","2937.044","20102.471","16.009","1.188","1611.422","20049.713","","0.742","872.535","1988.017","13606.9","17319.129","118540.047","67.688","86.853","2.428","712.461","30050.746","637.156","4360.99","4390.522","3.592","1051.535","4430.909","30327.170","21.694","22.018","11010.19","5.832","408.098","8579.401","474.147","3245.28","1253.482","16.144","6.286","5.840","677.363","17943.129","949.026","6495.57","2621.556","32.312","13.147","","","-0.310","-80.271","7222.835","393.708","2694.72","1055.282","13.405","5.292","-0.821","-394.867","47692.652","171.195","1171.74","6968.069","1.072","493.051","6793.495","46497.789","5.829","34.944","987.290","322.92","56.59","6.987","64.475","47.180","8.268","144.247","1.606","0.282","0.723","2937.044","137229.406","10.127","757.634","10720.294","555.318","3800.85","1566.274","18.907","7.855","62.455","12.698","33.458","1.730","11.84","4.888","0.059","0.025","29.100","128.072","584.202","32.261","220.81","85.354","1.098","0.428"
"World","2009","","6932766416","","12.071","64.693","86.637","600.635","41.321","286.47","1.436","0.447","543.49","-1.416","-577.637","5801.293","40219.008","1146.839","7950.77","-0.036","-14.336","5727.046","39704.273","39.867","29.947","19943.439","2876.693","19943.439","16.162","-1.600","-2196.188","19477.537","","-1.926","-2283.461","1933.474","13404.32","16769.146","116256.578","67.212","86.565","-2.153","-647.141","29403.605","632.121","4382.35","4241.251","-3.031","-919.166","4241.886","29408.004","21.974","21.894","10839.09","-0.162","-58.841","8520.561","467.519","3241.2","1229.027","16.252","6.344","1.509","100.089","18043.217","943.219","6539.12","2602.600","32.788","13.435","","","-1.415","-139.583","7083.252","383.218","2656.76","1021.706","13.321","5.274","-2.220","-1058.684","46633.969","154.513","1071.2","6726.603","-2.492","-1158.750","6539.819","45339.039","5.371","34.724","1056.994","345.13","58.66","7.060","69.703","49.782","8.461","152.463","1.731","0.294","0.787","2876.693","135033.219","3.354","239.672","10959.966","560.002","3882.36","1580.894","19.467","8.161","66.075","21.816","55.274","2.857","19.81","7.973","0.099","0.041","25.014","142.300","726.502","39.843","276.22","104.793","1.385","0.541"
"World","2010","","7021732143","89807710403740","13.030","78.265","96.686","678.901","46.590","327.14","1.538","0.482","543.85","4.468","1797.008","5983.711","42016.016","1204.546","8458","5.360","2128.184","5957.569","41832.457","39.777","29.842","21263.609","3028.257","21263.609","16.433","4.865","6568.828","20166.256","1.577","4.769","5544.848","2042.880","14344.56","17346.352","121801.430","67.461","86.510","7.446","2189.266","31592.871","684.711","4807.86","4499.299","6.934","2039.277","4478.564","31447.281","22.611","22.439","11564.29","5.661","412.024","8932.585","488.220","3428.15","1272.134","16.122","6.344","6.324","950.175","18993.393","985.376","6919.05","2704.944","32.539","13.490","","","2.577","125.771","7209.022","388.210","2725.91","1026.673","12.82","5.120","3.342","1558.574","48192.543","153.623","1078.7","6863.341","1.980","897.621","6584.794","46236.660","5.073","34.229","1182.441","386.85","59.71","11.868","125.447","55.093","8.504","168.397","1.819","0.281","0.840","3028.257","141602.047","8.580","824.404","11784.370","597.166","4193.14","1678.271","19.72","8.370","61.075","33.063","88.336","4.587","32.21","12.580","0.151","0.063","25.149","175.605","902.107","49.266","345.93","128.474","1.627","0.641"
"World","2011","","7110923773","","5.658","38.411","100.875","717.312","48.544","345.19","1.571","0.498","550.22","4.682","1967.336","6185.322","43983.352","1253.148","8911.04","7.064","2955.047","6298.409","44787.504","40.557","30.522","21971.91","3089.881","21971.91","16.565","2.338","3311.250","20378.969","","2.553","3110.080","2104.338","14963.79","17566.145","124911.508","68.104","86.683","2.396","757.014","32349.885","684.289","4865.93","4549.322","3.795","1193.396","4590.216","32640.678","22.146","22.449","12089.34","1.821","115.540","9048.125","490.513","3488","1272.426","15.875","6.279","1.703","196.975","19190.367","985.543","7008.12","2698.717","31.896","13.317","","","-4.185","-337.452","6871.570","367.089","2610.34","966.340","11.88","4.769","0.800","385.730","48578.273","166.901","1186.82","6831.500","0.834","385.660","6556.437","46622.320","5.402","33.711","1240.743","406.27","61.08","4.931","58.302","57.133","8.590","174.484","1.849","0.278","0.861","3089.881","144913.297","5.051","534.427","12318.797","618.454","4397.78","1732.376","20.015","8.549","93.812","81.983","170.320","8.945","63.61","23.952","0.29","0.118","27.285","240.190","1142.297","61.863","439.9","160.640","2.002","0.793"
"World","2012","","7201202478","","4.054","29.083","103.649","746.395","51.955","374.14","1.662","0.511","548.14","0.262","115.332","6123.794","44098.684","1244.276","8960.28","1.024","458.609","6283.133","45246.113","39.796","30.168","22515.711","3126.660","22515.711","16.727","1.442","2089.125","20413.594","","1.438","1795.822","2133.013","15360.26","17595.303","126707.328","68.22","86.681","2.771","896.553","33246.438","716.734","5161.35","4616.790","2.378","776.303","4640.472","33416.980","22.923","22.744","12341.73","4.262","337.014","9385.139","508.261","3660.09","1303.274","16.256","6.420","1.976","278.101","19468.467","993.647","7155.45","2703.502","31.78","13.319","","","-6.857","-504.193","6367.377","337.752","2432.22","884.210","10.802","4.356","1.614","783.938","49362.211","172.003","1238.63","6854.718","2.724","1270.109","6650.616","47892.430","5.501","33.769","1339.848","436.97","62.83","7.988","99.105","60.680","8.725","186.059","1.941","0.279","0.917","3126.660","147002.422","6.557","782.293","13101.090","655.895","4723.23","1819.292","20.977","8.963","54.412","91.319","261.639","13.467","96.98","36.333","0.431","0.179","20.385","225.773","1368.069","73.486","529.19","189.978","2.35","0.936"
"World","2013","","7291793585","","9.662","72.115","112.251","818.510","55.760","406.59","1.756","0.550","548.36","1.467","646.781","6136.414","44745.465","1292.393","9423.86","1.599","723.473","6304.291","45969.586","40.699","30.091","23155.24","3175.521","23155.24","16.939","1.767","2597.312","20516.178","","1.337","1694.211","2150.236","15679.08","17609.049","128401.547","67.713","86.350","1.464","486.828","33733.266","693.706","5058.36","4626.196","0.856","286.008","4622.043","33702.988","21.845","22.686","12697.37","4.025","302.825","9687.964","519.861","3790.72","1328.612","16.371","6.515","5.217","829.515","20297.982","1025.284","7476.16","2783.675","32.287","13.650","","","0.799","1.604","6368.981","335.791","2448.52","873.445","10.574","4.283","1.136","560.602","49922.812","164.138","1196.86","6846.438","0.153","73.426","6578.060","47965.855","5.169","33.573","1441.806","470.91","64.32","7.610","101.958","64.581","8.821","197.730","2.034","0.278","0.970","3175.521","149599.734","7.220","827.912","13929.002","689.493","5027.64","1910.230","21.713","9.367","36.540","92.861","354.500","18.096","131.95","48.616","0.57","0.238","19.789","258.152","1626.221","86.955","634.06","223.021","2.738","1.094"
"World","2014","","7381616239","","5.795","47.435","117.311","865.946","59.984","442.78","1.865","0.576","544.73","0.373","166.906","6084.354","44912.371","1301.055","9603.89","-0.282","-129.512","6210.032","45840.074","40.442","29.878","23747.119","3217.062","23747.119","17.223","1.096","1639.438","20488.625","","0.641","823.578","2162.353","15961.66","17506.346","129225.125","67.215","85.966","0.721","243.090","33976.355","706.366","5214.12","4602.834","2.221","748.500","4667.201","34451.488","21.957","22.603","12935.75","2.668","207.895","9895.858","524.363","3870.65","1340.609","16.299","6.583","4.430","797.949","21095.932","1054.709","7785.46","2857.901","32.785","14.034","","","2.042","96.985","6465.966","338.507","2498.73","875.955","10.522","4.301","0.828","413.582","50336.395","154.932","1143.65","6819.156","2.345","1124.898","6650.407","49090.754","4.816","33.486","1569.092","512.31","69.53","8.828","127.286","69.403","9.419","212.568","2.157","0.293","1.044","3217.062","151239.172","5.448","700.963","14629.965","716.202","5286.73","1981.946","22.263","9.732","42.338","147.522","502.021","26.790","197.75","68.010","0.833","0.334","11.070","170.826","1797.047","95.646","706.02","243.449","2.973","1.195"
"World","2015","","7470491876","106871829405667","3.752","32.488","120.264","898.433","63.218","472.27","1.968","0.593","533.37","-2.710","-1217.027","5849.059","43695.344","1242.729","9283.8","-2.776","-1272.332","5965.838","44567.742","38.677","28.855","24003.189","3213.067","24003.189","17.304","0.740","1118.453","20394.590","1.426","0.421","544.297","2136.009","15957.04","17370.934","129769.422","66.479","85.694","2.365","803.688","34780.043","741.568","5539.88","4655.656","2.033","700.461","4705.440","35151.949","23.08","22.967","12802.65","-0.255","-75.187","9820.672","519.639","3881.96","1314.595","16.173","6.485","3.146","567.856","21663.787","1077.058","8046.15","2899.914","33.521","14.306","","","1.346","53.883","6519.850","339.058","2532.93","872.747","10.552","4.305","1.902","957.637","51294.031","151.712","1133.36","6866.219","3.350","1644.535","6791.425","50735.289","4.722","33.872","1669.679","545.35","73.08","6.411","100.587","73.001","9.782","223.503","2.272","0.304","1.103","3213.067","152357.625","3.888","513.972","15143.938","738.000","5513.22","2027.167","22.969","10.000","30.026","147.430","649.452","34.320","256.39","86.936","1.068","0.429","17.772","308.654","2105.701","111.040","829.52","281.869","3.456","1.391"
"World","2016","","7558554527","110407200853028","4.477","40.220","124.184","938.653","63.828","482.45","1.954","0.613","525.3","-2.123","-927.520","5658.202","42767.824","1234.131","9328.25","-5.332","-2376.152","5581.965","42191.590","37.773","27.914","24695.32","3267.201","24695.32","17.635","1.223","1863.859","20403.568","1.397","0.691","896.906","2151.631","16263.22","17287.211","130666.328","65.855","85.283","2.312","803.941","35583.984","773.947","5849.92","4707.776","1.092","384.000","4701.421","35535.949","23.688","23.225","12972.36","3.526","269.666","10090.338","531.156","4014.77","1334.956","16.257","6.586","4.797","884.938","22548.725","1115.570","8432.1","2983.206","34.145","14.717","","","1.488","47.126","6566.976","340.151","2571.05","868.814","10.411","4.286","1.989","1020.484","52314.516","143.553","1085.05","6921.233","0.399","202.492","6739.090","50937.781","4.394","34.145","1709.845","558.32","75.87","2.406","40.166","73.866","10.038","226.213","2.261","0.307","1.116","3267.201","154221.484","6.129","837.812","15981.749","775.419","5861.05","2114.392","23.733","10.431","27.864","174.706","824.158","43.363","327.76","109.036","1.327","0.538","15.739","313.053","2418.755","127.035","960.2","320.002","3.888","1.579"
"World","2017","","7645617952","114529588369027","2.049","19.238","125.286","957.891","66.428","507.88","1.996","0.612","522.03","1.072","458.516","5653.741","43226.340","1262.845","9655.23","2.374","1001.738","5649.423","43193.328","37.95","27.606","25441.971","3327.654","25441.971","17.808","2.207","3403.828","20616.426","1.376","1.857","2426.402","2174.146","16622.689","17407.713","133092.719","65.336","84.997","2.864","1019.070","36603.055","781.310","5973.6","4787.456","3.679","1307.367","4818.880","36843.316","23.479","23.376","13281.54","1.306","80.707","10171.045","530.244","4054.04","1330.310","15.934","6.496","4.485","944.474","23493.197","1153.508","8819.28","3072.766","34.664","15.003","","","0.893","25.529","6592.505","339.309","2594.23","862.259","10.197","4.210","1.814","948.816","53263.332","129.991","993.86","6966.518","0.138","70.375","6671.554","51008.156","3.906","34.015","1800.718","586.7","78.82","5.315","90.872","76.737","10.309","235.523","2.306","0.31","1.150","3327.654","157625.312","5.867","918.944","16900.693","814.198","6225.05","2210.507","24.468","10.793","35.934","290.554","1114.711","58.203","445","145.797","1.749","0.712","18.684","437.574","2856.328","149.015","1139.31","373.590","4.478","1.824"
"World","2018","","7729902779","118765812557841","8.448","80.925","134.389","1038.815","69.639","538.3","2.034","0.646","518.5","1.552","670.988","5678.898","43897.328","1297.970","10033.18","4.532","1957.656","5841.081","45150.984","37.911","27.311","26465.289","3423.754","26465.289","18.084","2.652","4180.812","20932.492","1.362","2.190","2914.449","2220.768","17166.32","17594.939","136007.172","64.864","84.619","4.683","1714.004","38317.059","805.257","6224.56","4956.991","4.658","1716.227","4988.361","38559.543","23.52","23.840","13722.26","2.954","248.347","10419.392","540.379","4177.08","1347.933","15.783","6.483","5.811","1228.022","24721.221","1202.987","9298.97","3198.128","35.136","15.381","","","2.398","124.471","6716.976","343.950","2658.7","868.960","10.046","4.179","0.994","529.457","53792.789","117.541","908.58","6959.051","2.394","1220.941","6756.760","52229.098","3.433","33.468","1952.104","620.01","81.71","8.407","151.386","80.209","10.571","252.539","2.343","0.309","1.215","3423.754","161806.125","7.063","1103.551","18004.244","859.037","6640.27","2329.168","25.09","11.202","29.086","317.063","1431.775","74.410","575.18","185.225","2.173","0.891","11.261","305.830","3162.159","164.038","1268","409.081","4.791","1.967"
"World","2019","","7811293699","122149370355621","8.519","88.498","144.318","1127.314","72.549","566.7","2.111","0.694","505.62","-0.614","-269.715","5585.197","43627.613","1257.996","9826.58","1.443","651.590","5863.635","45802.574","36.611","26.842","26840.51","3436.116","26840.51","18.189","1.167","1888.484","20956.146","1.340","0.493","670.883","2186.925","17082.711","17497.494","136678.062","63.645","84.092","1.921","736.121","39053.180","819.490","6401.28","4999.579","3.024","1165.895","5085.641","39725.438","23.849","24.028","13571.12","1.290","82.157","10501.549","541.264","4227.97","1344.406","15.752","6.461","5.266","1135.228","25856.449","1249.191","9757.8","3310.136","36.355","15.908","","","3.538","203.216","6920.192","352.577","2754.08","885.921","10.261","4.258","0.380","204.477","53997.266","109.438","854.85","6912.717","-0.138","-72.195","6677.114","52156.902","3.185","33.222","2038.120","649.65","82.95","4.406","86.016","83.168","10.619","260.920","2.42","0.309","1.254","3436.116","163694.609","5.872","932.012","18936.256","896.615","7003.72","2424.215","26.094","11.651","22.752","317.055","1748.829","90.292","705.3","223.885","2.628","1.076","11.884","358.285","3520.444","181.890","1420.8","450.686","5.293","2.166"
"World","2020","","7887001289","118590021803593","-5.241","-59.084","135.442","1068.230","76.298","601.76","2.251","0.681","492.05","-3.006","-1311.289","5365.325","42316.324","1196.680","9438.22","-5.057","-2316.449","5513.645","43486.125","35.311","26.987","26729.109","3389.008","26729.109","18.914","-3.483","-5700.719","20032.188","1.332","-4.797","-6556.441","2104.336","16596.9","16498.236","130121.617","62.093","82.985","-0.894","-349.133","38704.047","809.229","6382.39","4907.321","-2.658","-1055.777","4902.961","38669.660","23.878","24.683","13152","2.746","261.731","10763.280","551.188","4347.22","1364.686","16.264","6.864","2.845","823.778","26680.227","1284.672","10132.21","3382.810","37.907","17.015","","","-3.818","-280.674","6639.518","335.784","2648.33","841.831","9.908","4.234","-9.067","-4896.020","49101.246","98.427","776.29","6225.591","-6.606","-3445.242","6176.195","48711.660","2.904","31.314","2152.290","687.88","86.12","5.602","114.170","87.217","10.919","272.891","2.574","0.322","1.373","3389.008","157993.891","5.131","1104.453","20040.709","948.888","7483.88","2540.979","27.999","12.781","21.337","367.915","2116.744","108.712","857.41","268.384","3.208","1.350","12.199","419.721","3940.165","201.771","1591.37","499.577","5.954","2.513"
"World","2021","","7954448387","126004793520756","5.606","59.890","141.822","1128.119","82.429","655.68","2.32","0.684","494.79","5.496","2325.840","5612.226","44642.164","1276.740","10155.76","4.308","1873.359","5702.405","45359.484","35.937","27.086","28259.73","3552.695","28259.73","19.024","5.095","8049.609","20874.295","1.318","5.067","6593.102","2206.975","17555.27","17187.203","136714.719","62.121","82.950","3.932","1521.688","40225.734","824.363","6557.35","5057.011","4.645","1796.086","5087.185","40465.746","23.204","24.407","13982.63","-1.502","-187.748","10575.532","539.185","4288.92","1329.512","15.177","6.417","5.520","1420.169","28100.395","1345.720","10704.46","3532.664","37.879","17.050","","","4.230","263.809","6903.327","347.282","2762.44","867.857","9.775","4.189","5.592","2745.574","51846.820","105.873","842.16","6517.965","1.168","568.797","6195.333","49280.457","2.98","31.458","2317.554","742.01","86.33","7.679","165.264","93.282","10.853","291.353","2.626","0.305","1.406","3552.695","166043.500","5.924","1156.360","21197.068","998.438","7942.02","2664.807","28.104","12.861","22.806","476.337","2593.081","132.554","1054.39","325.991","3.731","1.573","16.597","642.617","4582.781","233.417","1856.7","576.128","6.57","2.781"
"World","2022","","8021407196","130112562171125","5.763","65.012","148.743","1193.131","83.500","669.79","2.316","0.711","489.63","0.638","284.762","5600.878","44926.926","1276.957","10242.99","7.031","3189.062","6052.373","48548.547","35.421","26.776","28918.24","3605.133","28918.24","19.164","1.818","3018.031","21076.293","1.299","1.341","1833.969","2214.201","17761.01","17272.367","138548.688","61.418","82.573","-0.413","-166.082","40059.652","826.506","6629.74","4994.093","0.093","37.820","5049.434","40503.566","22.926","23.875","14159.33","0.958","75.062","10650.595","538.896","4322.7","1327.771","14.948","6.348","4.394","1140.488","29240.883","1390.932","11157.23","3645.356","38.582","17.427","","","-4.400","-319.996","6583.331","329.074","2639.64","820.720","9.128","3.924","3.308","1715.289","53562.109","110.739","888.28","6677.396","4.469","2202.539","6418.200","51482.996","3.072","31.922","2379.479","757.7","87.91","2.672","61.925","94.460","10.959","296.641","2.62","0.304","1.418","3605.133","169061.531","7.110","1460.484","22657.553","1061.857","8517.59","2824.636","29.454","13.504","25.632","656.664","3249.746","165.808","1330.01","405.134","4.599","1.937","13.411","601.820","5184.602","262.695","2107.18","646.346","7.287","3.090"
"World","2023","","8091734933","","10.568","126.085","163.033","1319.216","84.360","682.62","2.301","0.772","483.68","0.873","392.160","5600.664","45319.086","1285.342","10400.65","3.143","1525.750","6188.326","50074.297","35.06","26.533","29665.26","3666.119","29665.26","19.351","1.879","3177.250","21285.768","","1.271","1760.301","2223.084","17988.609","17339.791","140308.984","60.639","82.148","0.229","91.566","40151.219","829.968","6715.88","4962.004","0.342","138.617","5022.679","40642.184","22.639","23.508","14348.57","-1.708","-258.515","10392.080","523.063","4232.49","1284.283","14.267","6.084","5.332","1250.691","30491.574","1443.034","11676.65","3768.237","39.361","17.852","","","2.172","93.799","6677.130","333.592","2699.34","825.179","9.099","3.909","2.383","1276.574","54838.684","107.774","872.08","6777.123","1.979","1018.918","6488.338","52501.914","2.94","32.107","2411.358","770.45","87.83","1.340","31.879","95.214","10.854","298.003","2.597","0.296","1.412","3666.119","172238.781","6.203","1156.892","23814.445","1109.442","8977.31","2943.058","30.262","13.943","24.818","776.836","4026.582","205.316","1661.36","497.617","5.6","2.357","10.075","480.606","5665.208","285.848","2313.01","700.123","7.797","3.317"
"World","2024","","8161972574","","3.613","47.662","167.469","1366.878","86.353","704.81","2.278","0.780","471.84","1.173","531.457","5617.581","45850.543","1291.825","10543.84","1.086","544.031","6201.728","50618.328","34.08","26.160","30938.18","3790.527","30938.18","19.780","2.612","4498.312","21653.723","","1.505","2111.906","2243.815","18313.961","17449.322","142420.891","59.195","81.257","2.807","1127.051","41278.270","845.428","6900.36","5057.389","1.482","602.332","5053.253","41244.516","22.304","23.551","14597.91","4.510","468.673","10860.753","541.530","4419.95","1330.653","14.286","6.197","7.575","2359.283","32850.859","1546.712","12624.22","4024.867","40.805","18.743","","","2.916","194.705","6871.835","340.452","2778.76","841.933","8.982","3.921","0.827","453.398","55292.082","106.562","869.76","6774.353","0.627","329.137","6472.829","52831.051","2.811","31.546","2476.357","791.79","86.98","2.696","64.998","97.010","10.657","303.402","2.559","0.281","1.413","3790.527","176737.094","8.811","2164.578","25979.023","1206.260","9845.46","3182.934","31.823","14.822","27.914","1123.988","5150.569","260.767","2128.37","631.045","6.879","2.939","8.107","459.257","6124.465","306.954","2505.35","750.366","8.098","3.494"